{"data":[{"AllowedToDelegate": [], "ObjectIdentifier": "HTB.LOCAL-S-1-5-20", "PrimaryGroupSID": null, "Properties": {"domain": "HTB.LOCAL", "domainsid": "S-1-5-21-3072663084-364016917-1341370565", "name": "NT AUTHORITY@HTB.LOCAL"}, "Aces": [], "SPNTargets": [], "HasSIDHistory": [], "IsDeleted": false, "IsACLProtected": false},{"AllowedToDelegate": [], "ObjectIdentifier": "S-1-5-21-3072663084-364016917-1341370565-1152", "PrimaryGroupSID": "S-1-5-21-3072663084-364016917-1341370565-513", "Properties": {"name": "SANTI@HTB.LOCAL", "domain": "HTB.LOCAL", "domainsid": "S-1-5-21-3072663084-364016917-1341370565", "distinguishedname": "CN=SANTI RODRIGUEZ,OU=DEVELOPERS,OU=INFORMATION TECHNOLOGY,OU=EMPLOYEES,DC=HTB,DC=LOCAL", "unconstraineddelegation": false, "trustedtoauth": false, "passwordnotreqd": false, "enabled": true, "lastlogon": 0, "lastlogontimestamp": -1, "pwdlastset": 1569020575, "dontreqpreauth": false, "pwdneverexpires": true, "sensitive": false, "serviceprincipalnames": [], "hasspn": false, "displayname": "Santi Rodriguez", "email": null, "title": null, "homedirectory": null, "description": null, "userpassword": null, "admincount": false, "sidhistory": [], "whencreated": 1569020575, "unixpassword": null, "unicodepassword": null, "logonscript": null, "samaccountname": "santi", "sfupassword": null}, "Aces": [{"RightName": "Owns", "IsInherited": false, "PrincipalSID": "S-1-5-21-3072663084-364016917-1341370565-512", "PrincipalType": "Group"}, {"RightName": "GenericAll", "IsInherited": false, "PrincipalSID": "S-1-5-21-3072663084-364016917-1341370565-512", "PrincipalType": "Group"}, {"RightName": "GenericAll", "IsInherited": false, "PrincipalSID": "HTB.LOCAL-S-1-5-32-548", "PrincipalType": "Group"}, {"RightName": "ForceChangePassword", "IsInherited": true, "PrincipalSID": "S-1-5-21-3072663084-364016917-1341370565-1153", "PrincipalType": "Base"}, {"RightName": "ForceChangePassword", "IsInherited": true, "PrincipalSID": "S-1-5-21-3072663084-364016917-1341370565-1121", "PrincipalType": "Group"}, {"RightName": "AddKeyCredentialLink", "IsInherited": true, "PrincipalSID": "S-1-5-21-3072663084-364016917-1341370565-526", "PrincipalType": "Group"}, {"RightName": "AddKeyCredentialLink", "IsInherited": true, "PrincipalSID": "S-1-5-21-3072663084-364016917-1341370565-527", "PrincipalType": "Group"}, {"RightName": "WriteDacl", "IsInherited": true, "PrincipalSID": "S-1-5-21-3072663084-364016917-1341370565-1121", "PrincipalType": "Group"}, {"RightName": "GenericAll", "IsInherited": true, "PrincipalSID": "S-1-5-21-3072663084-364016917-1341370565-519", "PrincipalType": "Group"}, {"RightName": "GenericWrite", "IsInherited": true, "PrincipalSID": "HTB.LOCAL-S-1-5-32-544", "PrincipalType": "Group"}, {"RightName": "WriteOwner", "IsInherited": true, "PrincipalSID": "HTB.LOCAL-S-1-5-32-544", "PrincipalType": "Group"}, {"RightName": "AllExtendedRights", "IsInherited": true, "PrincipalSID": "HTB.LOCAL-S-1-5-32-544", "PrincipalType": "Group"}, {"RightName": "WriteDacl", "IsInherited": true, "PrincipalSID": "HTB.LOCAL-S-1-5-32-544", "PrincipalType": "Group"}, {"RightName": "GenericWrite", "IsInherited": true, "PrincipalSID": "HTB.LOCAL-S-1-5-7", "PrincipalType": "Group"}], "SPNTargets": [], "HasSIDHistory": [], "IsDeleted": false, "IsACLProtected": false},{"AllowedToDelegate": [], "ObjectIdentifier": "S-1-5-21-3072663084-364016917-1341370565-1151", "PrimaryGroupSID": "S-1-5-21-3072663084-364016917-1341370565-513", "Properties": {"name": "MARK@HTB.LOCAL", "domain": "HTB.LOCAL", "domainsid": "S-1-5-21-3072663084-364016917-1341370565", "distinguishedname": "CN=MARK BRANDT,OU=SYSADMINS,OU=INFORMATION TECHNOLOGY,OU=EMPLOYEES,DC=HTB,DC=LOCAL", "unconstraineddelegation": false, "trustedtoauth": false, "passwordnotreqd": false, "enabled": true, "lastlogon": 0, "lastlogontimestamp": -1, "pwdlastset": 1569020250, "dontreqpreauth": false, "pwdneverexpires": true, "sensitive": false, "serviceprincipalnames": [], "hasspn": false, "displayname": "Mark Brandt", "email": null, "title": null, "homedirectory": null, "description": null, "userpassword": null, "admincount": false, "sidhistory": [], "whencreated": 1569020250, "unixpassword": null, "unicodepassword": null, "logonscript": null, "samaccountname": "mark", "sfupassword": null}, "Aces": [{"RightName": "Owns", "IsInherited": false, "PrincipalSID": "S-1-5-21-3072663084-364016917-1341370565-512", "PrincipalType": "Group"}, {"RightName": "GenericAll", "IsInherited": false, "PrincipalSID": "S-1-5-21-3072663084-364016917-1341370565-512", "PrincipalType": "Group"}, {"RightName": "GenericAll", "IsInherited": false, "PrincipalSID": "HTB.LOCAL-S-1-5-32-548", "PrincipalType": "Group"}, {"RightName": "ForceChangePassword", "IsInherited": true, "PrincipalSID": "S-1-5-21-3072663084-364016917-1341370565-1153", "PrincipalType": "Base"}, {"RightName": "ForceChangePassword", "IsInherited": true, "PrincipalSID": "S-1-5-21-3072663084-364016917-1341370565-1121", "PrincipalType": "Group"}, {"RightName": "AddKeyCredentialLink", "IsInherited": true, "PrincipalSID": "S-1-5-21-3072663084-364016917-1341370565-526", "PrincipalType": "Group"}, {"RightName": "AddKeyCredentialLink", "IsInherited": true, "PrincipalSID": "S-1-5-21-3072663084-364016917-1341370565-527", "PrincipalType": "Group"}, {"RightName": "WriteDacl", "IsInherited": true, "PrincipalSID": "S-1-5-21-3072663084-364016917-1341370565-1121", "PrincipalType": "Group"}, {"RightName": "GenericAll", "IsInherited": true, "PrincipalSID": "S-1-5-21-3072663084-364016917-1341370565-519", "PrincipalType": "Group"}, {"RightName": "GenericWrite", "IsInherited": true, "PrincipalSID": "HTB.LOCAL-S-1-5-32-544", "PrincipalType": "Group"}, {"RightName": "WriteOwner", "IsInherited": true, "PrincipalSID": "HTB.LOCAL-S-1-5-32-544", "PrincipalType": "Group"}, {"RightName": "AllExtendedRights", "IsInherited": true, "PrincipalSID": "HTB.LOCAL-S-1-5-32-544", "PrincipalType": "Group"}, {"RightName": "WriteDacl", "IsInherited": true, "PrincipalSID": "HTB.LOCAL-S-1-5-32-544", "PrincipalType": "Group"}, {"RightName": "GenericWrite", "IsInherited": true, "PrincipalSID": "HTB.LOCAL-S-1-5-7", "PrincipalType": "Group"}], "SPNTargets": [], "HasSIDHistory": [], "IsDeleted": false, "IsACLProtected": false},{"AllowedToDelegate": [], "ObjectIdentifier": "S-1-5-21-3072663084-364016917-1341370565-1147", "PrimaryGroupSID": "S-1-5-21-3072663084-364016917-1341370565-513", "Properties": {"name": "SVC-ALFRESCO@HTB.LOCAL", "domain": "HTB.LOCAL", "domainsid": "S-1-5-21-3072663084-364016917-1341370565", "distinguishedname": "CN=SVC-ALFRESCO,OU=SERVICE ACCOUNTS,DC=HTB,DC=LOCAL", "unconstraineddelegation": false, "trustedtoauth": false, "passwordnotreqd": false, "enabled": true, "lastlogon": 1694358890, "lastlogontimestamp": 1694357599, "pwdlastset": 1694358842, "dontreqpreauth": true, "pwdneverexpires": true, "sensitive": false, "serviceprincipalnames": [], "hasspn": false, "displayname": "svc-alfresco", "email": null, "title": null, "homedirectory": null, "description": null, "userpassword": null, "admincount": true, "sidhistory": [], "whencreated": 1568941131, "unixpassword": null, "unicodepassword": null, "logonscript": null, "samaccountname": "svc-alfresco", "sfupassword": null}, "Aces": [{"RightName": "Owns", "IsInherited": false, "PrincipalSID": "S-1-5-21-3072663084-364016917-1341370565-512", "PrincipalType": "Group"}, {"RightName": "GenericWrite", "IsInherited": false, "PrincipalSID": "S-1-5-21-3072663084-364016917-1341370565-512", "PrincipalType": "Group"}, {"RightName": "WriteOwner", "IsInherited": false, "PrincipalSID": "S-1-5-21-3072663084-364016917-1341370565-512", "PrincipalType": "Group"}, {"RightName": "AllExtendedRights", "IsInherited": false, "PrincipalSID": "S-1-5-21-3072663084-364016917-1341370565-512", "PrincipalType": "Group"}, {"RightName": "WriteDacl", "IsInherited": false, "PrincipalSID": "S-1-5-21-3072663084-364016917-1341370565-512", "PrincipalType": "Group"}, {"RightName": "GenericWrite", "IsInherited": false, "PrincipalSID": "S-1-5-21-3072663084-364016917-1341370565-519", "PrincipalType": "Group"}, {"RightName": "WriteOwner", "IsInherited": false, "PrincipalSID": "S-1-5-21-3072663084-364016917-1341370565-519", "PrincipalType": "Group"}, {"RightName": "AllExtendedRights", "IsInherited": false, "PrincipalSID": "S-1-5-21-3072663084-364016917-1341370565-519", "PrincipalType": "Group"}, {"RightName": "WriteDacl", "IsInherited": false, "PrincipalSID": "S-1-5-21-3072663084-364016917-1341370565-519", "PrincipalType": "Group"}, {"RightName": "GenericWrite", "IsInherited": false, "PrincipalSID": "HTB.LOCAL-S-1-5-32-544", "PrincipalType": "Group"}, {"RightName": "WriteOwner", "IsInherited": false, "PrincipalSID": "HTB.LOCAL-S-1-5-32-544", "PrincipalType": "Group"}, {"RightName": "AllExtendedRights", "IsInherited": false, "PrincipalSID": "HTB.LOCAL-S-1-5-32-544", "PrincipalType": "Group"}, {"RightName": "WriteDacl", "IsInherited": false, "PrincipalSID": "HTB.LOCAL-S-1-5-32-544", "PrincipalType": "Group"}], "SPNTargets": [], "HasSIDHistory": [], "IsDeleted": false, "IsACLProtected": true},{"AllowedToDelegate": [], "ObjectIdentifier": "S-1-5-21-3072663084-364016917-1341370565-1146", "PrimaryGroupSID": "S-1-5-21-3072663084-364016917-1341370565-513", "Properties": {"name": "LUCINDA@HTB.LOCAL", "domain": "HTB.LOCAL", "domainsid": "S-1-5-21-3072663084-364016917-1341370565", "distinguishedname": "CN=LUCINDA BERGER,OU=IT MANAGEMENT,OU=INFORMATION TECHNOLOGY,OU=EMPLOYEES,DC=HTB,DC=LOCAL", "unconstraineddelegation": false, "trustedtoauth": false, "passwordnotreqd": false, "enabled": true, "lastlogon": 0, "lastlogontimestamp": -1, "pwdlastset": 1568940253, "dontreqpreauth": false, "pwdneverexpires": true, "sensitive": false, "serviceprincipalnames": [], "hasspn": false, "displayname": "Lucinda Berger", "email": null, "title": null, "homedirectory": null, "description": null, "userpassword": null, "admincount": false, "sidhistory": [], "whencreated": 1568940253, "unixpassword": null, "unicodepassword": null, "logonscript": null, "samaccountname": "lucinda", "sfupassword": null}, "Aces": [{"RightName": "Owns", "IsInherited": false, "PrincipalSID": "S-1-5-21-3072663084-364016917-1341370565-512", "PrincipalType": "Group"}, {"RightName": "GenericAll", "IsInherited": false, "PrincipalSID": "S-1-5-21-3072663084-364016917-1341370565-512", "PrincipalType": "Group"}, {"RightName": "GenericAll", "IsInherited": false, "PrincipalSID": "HTB.LOCAL-S-1-5-32-548", "PrincipalType": "Group"}, {"RightName": "ForceChangePassword", "IsInherited": true, "PrincipalSID": "S-1-5-21-3072663084-364016917-1341370565-1153", "PrincipalType": "Base"}, {"RightName": "ForceChangePassword", "IsInherited": true, "PrincipalSID": "S-1-5-21-3072663084-364016917-1341370565-1121", "PrincipalType": "Group"}, {"RightName": "AddKeyCredentialLink", "IsInherited": true, "PrincipalSID": "S-1-5-21-3072663084-364016917-1341370565-526", "PrincipalType": "Group"}, {"RightName": "AddKeyCredentialLink", "IsInherited": true, "PrincipalSID": "S-1-5-21-3072663084-364016917-1341370565-527", "PrincipalType": "Group"}, {"RightName": "WriteDacl", "IsInherited": true, "PrincipalSID": "S-1-5-21-3072663084-364016917-1341370565-1121", "PrincipalType": "Group"}, {"RightName": "GenericAll", "IsInherited": true, "PrincipalSID": "S-1-5-21-3072663084-364016917-1341370565-519", "PrincipalType": "Group"}, {"RightName": "GenericWrite", "IsInherited": true, "PrincipalSID": "HTB.LOCAL-S-1-5-32-544", "PrincipalType": "Group"}, {"RightName": "WriteOwner", "IsInherited": true, "PrincipalSID": "HTB.LOCAL-S-1-5-32-544", "PrincipalType": "Group"}, {"RightName": "AllExtendedRights", "IsInherited": true, "PrincipalSID": "HTB.LOCAL-S-1-5-32-544", "PrincipalType": "Group"}, {"RightName": "WriteDacl", "IsInherited": true, "PrincipalSID": "HTB.LOCAL-S-1-5-32-544", "PrincipalType": "Group"}, {"RightName": "GenericWrite", "IsInherited": true, "PrincipalSID": "HTB.LOCAL-S-1-5-7", "PrincipalType": "Group"}], "SPNTargets": [], "HasSIDHistory": [], "IsDeleted": false, "IsACLProtected": false},{"AllowedToDelegate": [], "ObjectIdentifier": "S-1-5-21-3072663084-364016917-1341370565-1150", "PrimaryGroupSID": "S-1-5-21-3072663084-364016917-1341370565-513", "Properties": {"name": "ANDY@HTB.LOCAL", "domain": "HTB.LOCAL", "domainsid": "S-1-5-21-3072663084-364016917-1341370565", "distinguishedname": "CN=ANDY HISLIP,OU=HELPDESK,OU=INFORMATION TECHNOLOGY,OU=EMPLOYEES,DC=HTB,DC=LOCAL", "unconstraineddelegation": false, "trustedtoauth": false, "passwordnotreqd": false, "enabled": true, "lastlogon": 0, "lastlogontimestamp": -1, "pwdlastset": 1569192256, "dontreqpreauth": false, "pwdneverexpires": true, "sensitive": false, "serviceprincipalnames": [], "hasspn": false, "displayname": "Andy Hislip", "email": null, "title": null, "homedirectory": null, "description": null, "userpassword": null, "admincount": false, "sidhistory": [], "whencreated": 1569019196, "unixpassword": null, "unicodepassword": null, "logonscript": null, "samaccountname": "andy", "sfupassword": null}, "Aces": [{"RightName": "Owns", "IsInherited": false, "PrincipalSID": "S-1-5-21-3072663084-364016917-1341370565-512", "PrincipalType": "Group"}, {"RightName": "GenericAll", "IsInherited": false, "PrincipalSID": "S-1-5-21-3072663084-364016917-1341370565-512", "PrincipalType": "Group"}, {"RightName": "GenericAll", "IsInherited": false, "PrincipalSID": "HTB.LOCAL-S-1-5-32-548", "PrincipalType": "Group"}, {"RightName": "ForceChangePassword", "IsInherited": true, "PrincipalSID": "S-1-5-21-3072663084-364016917-1341370565-1153", "PrincipalType": "Base"}, {"RightName": "ForceChangePassword", "IsInherited": true, "PrincipalSID": "S-1-5-21-3072663084-364016917-1341370565-1121", "PrincipalType": "Group"}, {"RightName": "AddKeyCredentialLink", "IsInherited": true, "PrincipalSID": "S-1-5-21-3072663084-364016917-1341370565-526", "PrincipalType": "Group"}, {"RightName": "AddKeyCredentialLink", "IsInherited": true, "PrincipalSID": "S-1-5-21-3072663084-364016917-1341370565-527", "PrincipalType": "Group"}, {"RightName": "WriteDacl", "IsInherited": true, "PrincipalSID": "S-1-5-21-3072663084-364016917-1341370565-1121", "PrincipalType": "Group"}, {"RightName": "GenericAll", "IsInherited": true, "PrincipalSID": "S-1-5-21-3072663084-364016917-1341370565-519", "PrincipalType": "Group"}, {"RightName": "GenericWrite", "IsInherited": true, "PrincipalSID": "HTB.LOCAL-S-1-5-32-544", "PrincipalType": "Group"}, {"RightName": "WriteOwner", "IsInherited": true, "PrincipalSID": "HTB.LOCAL-S-1-5-32-544", "PrincipalType": "Group"}, {"RightName": "AllExtendedRights", "IsInherited": true, "PrincipalSID": "HTB.LOCAL-S-1-5-32-544", "PrincipalType": "Group"}, {"RightName": "WriteDacl", "IsInherited": true, "PrincipalSID": "HTB.LOCAL-S-1-5-32-544", "PrincipalType": "Group"}, {"RightName": "GenericWrite", "IsInherited": true, "PrincipalSID": "HTB.LOCAL-S-1-5-7", "PrincipalType": "Group"}], "SPNTargets": [], "HasSIDHistory": [], "IsDeleted": false, "IsACLProtected": false},{"AllowedToDelegate": [], "ObjectIdentifier": "S-1-5-21-3072663084-364016917-1341370565-1145", "PrimaryGroupSID": "S-1-5-21-3072663084-364016917-1341370565-513", "Properties": {"name": "SEBASTIEN@HTB.LOCAL", "domain": "HTB.LOCAL", "domainsid": "S-1-5-21-3072663084-364016917-1341370565", "distinguishedname": "CN=SEBASTIEN CARON,OU=EXCHANGE ADMINISTRATORS,OU=INFORMATION TECHNOLOGY,OU=EMPLOYEES,DC=HTB,DC=LOCAL", "unconstraineddelegation": false, "trustedtoauth": false, "passwordnotreqd": false, "enabled": true, "lastlogon": 1569191369, "lastlogontimestamp": 1569022969, "pwdlastset": 1568939399, "dontreqpreauth": false, "pwdneverexpires": true, "sensitive": false, "serviceprincipalnames": [], "hasspn": false, "displayname": "Sebastien Caron", "email": null, "title": null, "homedirectory": null, "description": null, "userpassword": null, "admincount": false, "sidhistory": [], "whencreated": 1568939399, "unixpassword": null, "unicodepassword": null, "logonscript": null, "samaccountname": "sebastien", "sfupassword": null}, "Aces": [{"RightName": "Owns", "IsInherited": false, "PrincipalSID": "S-1-5-21-3072663084-364016917-1341370565-512", "PrincipalType": "Group"}, {"RightName": "GenericAll", "IsInherited": false, "PrincipalSID": "S-1-5-21-3072663084-364016917-1341370565-512", "PrincipalType": "Group"}, {"RightName": "GenericAll", "IsInherited": false, "PrincipalSID": "HTB.LOCAL-S-1-5-32-548", "PrincipalType": "Group"}, {"RightName": "ForceChangePassword", "IsInherited": true, "PrincipalSID": "S-1-5-21-3072663084-364016917-1341370565-1153", "PrincipalType": "Base"}, {"RightName": "ForceChangePassword", "IsInherited": true, "PrincipalSID": "S-1-5-21-3072663084-364016917-1341370565-1121", "PrincipalType": "Group"}, {"RightName": "AddKeyCredentialLink", "IsInherited": true, "PrincipalSID": "S-1-5-21-3072663084-364016917-1341370565-526", "PrincipalType": "Group"}, {"RightName": "AddKeyCredentialLink", "IsInherited": true, "PrincipalSID": "S-1-5-21-3072663084-364016917-1341370565-527", "PrincipalType": "Group"}, {"RightName": "WriteDacl", "IsInherited": true, "PrincipalSID": "S-1-5-21-3072663084-364016917-1341370565-1121", "PrincipalType": "Group"}, {"RightName": "GenericAll", "IsInherited": true, "PrincipalSID": "S-1-5-21-3072663084-364016917-1341370565-519", "PrincipalType": "Group"}, {"RightName": "GenericWrite", "IsInherited": true, "PrincipalSID": "HTB.LOCAL-S-1-5-32-544", "PrincipalType": "Group"}, {"RightName": "WriteOwner", "IsInherited": true, "PrincipalSID": "HTB.LOCAL-S-1-5-32-544", "PrincipalType": "Group"}, {"RightName": "AllExtendedRights", "IsInherited": true, "PrincipalSID": "HTB.LOCAL-S-1-5-32-544", "PrincipalType": "Group"}, {"RightName": "WriteDacl", "IsInherited": true, "PrincipalSID": "HTB.LOCAL-S-1-5-32-544", "PrincipalType": "Group"}, {"RightName": "GenericWrite", "IsInherited": true, "PrincipalSID": "HTB.LOCAL-S-1-5-7", "PrincipalType": "Group"}], "SPNTargets": [], "HasSIDHistory": [], "IsDeleted": false, "IsACLProtected": false},{"AllowedToDelegate": [], "ObjectIdentifier": "S-1-5-21-3072663084-364016917-1341370565-1144", "PrimaryGroupSID": "S-1-5-21-3072663084-364016917-1341370565-513", "Properties": {"name": "HEALTHMAILBOX0659CC1@HTB.LOCAL", "domain": "HTB.LOCAL", "domainsid": "S-1-5-21-3072663084-364016917-1341370565", "distinguishedname": "CN=HEALTHMAILBOX0659CC188F4C4F9F978F6C2142C4181E,CN=MONITORING MAILBOXES,CN=MICROSOFT EXCHANGE SYSTEM OBJECTS,DC=HTB,DC=LOCAL", "unconstraineddelegation": false, "trustedtoauth": false, "passwordnotreqd": false, "enabled": true, "lastlogon": 0, "lastlogontimestamp": -1, "pwdlastset": 1568894278, "dontreqpreauth": false, "pwdneverexpires": true, "sensitive": false, "serviceprincipalnames": [], "hasspn": false, "displayname": "HealthMailbox-EXCH01-010", "email": "HealthMailbox0659cc188f4c4f9f978f6c2142c4181e@htb.local", "title": null, "homedirectory": null, "description": null, "userpassword": null, "admincount": false, "sidhistory": [], "whencreated": 1568894278, "unixpassword": null, "unicodepassword": null, "logonscript": null, "samaccountname": "HealthMailbox0659cc1", "sfupassword": null}, "Aces": [{"RightName": "Owns", "IsInherited": false, "PrincipalSID": "S-1-5-21-3072663084-364016917-1341370565-1103", "PrincipalType": "Computer"}, {"RightName": "GenericAll", "IsInherited": false, "PrincipalSID": "S-1-5-21-3072663084-364016917-1341370565-512", "PrincipalType": "Group"}, {"RightName": "GenericAll", "IsInherited": false, "PrincipalSID": "HTB.LOCAL-S-1-5-32-548", "PrincipalType": "Group"}, {"RightName": "ForceChangePassword", "IsInherited": true, "PrincipalSID": "S-1-5-21-3072663084-364016917-1341370565-1118", "PrincipalType": "Group"}, {"RightName": "GenericWrite", "IsInherited": true, "PrincipalSID": "S-1-5-21-3072663084-364016917-1341370565-1104", "PrincipalType": "Group"}, {"RightName": "GenericWrite", "IsInherited": true, "PrincipalSID": "S-1-5-21-3072663084-364016917-1341370565-1118", "PrincipalType": "Group"}, {"RightName": "ForceChangePassword", "IsInherited": true, "PrincipalSID": "S-1-5-21-3072663084-364016917-1341370565-1121", "PrincipalType": "Group"}, {"RightName": "AddKeyCredentialLink", "IsInherited": true, "PrincipalSID": "S-1-5-21-3072663084-364016917-1341370565-526", "PrincipalType": "Group"}, {"RightName": "AddKeyCredentialLink", "IsInherited": true, "PrincipalSID": "S-1-5-21-3072663084-364016917-1341370565-527", "PrincipalType": "Group"}, {"RightName": "WriteDacl", "IsInherited": true, "PrincipalSID": "S-1-5-21-3072663084-364016917-1341370565-1121", "PrincipalType": "Group"}, {"RightName": "GenericAll", "IsInherited": true, "PrincipalSID": "S-1-5-21-3072663084-364016917-1341370565-519", "PrincipalType": "Group"}, {"RightName": "GenericWrite", "IsInherited": true, "PrincipalSID": "HTB.LOCAL-S-1-5-32-544", "PrincipalType": "Group"}, {"RightName": "WriteOwner", "IsInherited": true, "PrincipalSID": "HTB.LOCAL-S-1-5-32-544", "PrincipalType": "Group"}, {"RightName": "AllExtendedRights", "IsInherited": true, "PrincipalSID": "HTB.LOCAL-S-1-5-32-544", "PrincipalType": "Group"}, {"RightName": "WriteDacl", "IsInherited": true, "PrincipalSID": "HTB.LOCAL-S-1-5-32-544", "PrincipalType": "Group"}, {"RightName": "GenericWrite", "IsInherited": true, "PrincipalSID": "HTB.LOCAL-S-1-5-7", "PrincipalType": "Group"}], "SPNTargets": [], "HasSIDHistory": [], "IsDeleted": false, "IsACLProtected": false},{"AllowedToDelegate": [], "ObjectIdentifier": "S-1-5-21-3072663084-364016917-1341370565-1142", "PrimaryGroupSID": "S-1-5-21-3072663084-364016917-1341370565-513", "Properties": {"name": "HEALTHMAILBOXB01AC64@HTB.LOCAL", "domain": "HTB.LOCAL", "domainsid": "S-1-5-21-3072663084-364016917-1341370565", "distinguishedname": "CN=HEALTHMAILBOXB01AC647A64648D2A5FA21DF27058A24,CN=MONITORING MAILBOXES,CN=MICROSOFT EXCHANGE SYSTEM OBJECTS,DC=HTB,DC=LOCAL", "unconstraineddelegation": false, "trustedtoauth": false, "passwordnotreqd": false, "enabled": true, "lastlogon": 0, "lastlogontimestamp": -1, "pwdlastset": 1568894257, "dontreqpreauth": false, "pwdneverexpires": true, "sensitive": false, "serviceprincipalnames": [], "hasspn": false, "displayname": "HealthMailbox-EXCH01-008", "email": "HealthMailboxb01ac647a64648d2a5fa21df27058a24@htb.local", "title": null, "homedirectory": null, "description": null, "userpassword": null, "admincount": false, "sidhistory": [], "whencreated": 1568894257, "unixpassword": null, "unicodepassword": null, "logonscript": null, "samaccountname": "HealthMailboxb01ac64", "sfupassword": null}, "Aces": [{"RightName": "Owns", "IsInherited": false, "PrincipalSID": "S-1-5-21-3072663084-364016917-1341370565-1103", "PrincipalType": "Computer"}, {"RightName": "GenericAll", "IsInherited": false, "PrincipalSID": "S-1-5-21-3072663084-364016917-1341370565-512", "PrincipalType": "Group"}, {"RightName": "GenericAll", "IsInherited": false, "PrincipalSID": "HTB.LOCAL-S-1-5-32-548", "PrincipalType": "Group"}, {"RightName": "ForceChangePassword", "IsInherited": true, "PrincipalSID": "S-1-5-21-3072663084-364016917-1341370565-1118", "PrincipalType": "Group"}, {"RightName": "GenericWrite", "IsInherited": true, "PrincipalSID": "S-1-5-21-3072663084-364016917-1341370565-1104", "PrincipalType": "Group"}, {"RightName": "GenericWrite", "IsInherited": true, "PrincipalSID": "S-1-5-21-3072663084-364016917-1341370565-1118", "PrincipalType": "Group"}, {"RightName": "ForceChangePassword", "IsInherited": true, "PrincipalSID": "S-1-5-21-3072663084-364016917-1341370565-1121", "PrincipalType": "Group"}, {"RightName": "AddKeyCredentialLink", "IsInherited": true, "PrincipalSID": "S-1-5-21-3072663084-364016917-1341370565-526", "PrincipalType": "Group"}, {"RightName": "AddKeyCredentialLink", "IsInherited": true, "PrincipalSID": "S-1-5-21-3072663084-364016917-1341370565-527", "PrincipalType": "Group"}, {"RightName": "WriteDacl", "IsInherited": true, "PrincipalSID": "S-1-5-21-3072663084-364016917-1341370565-1121", "PrincipalType": "Group"}, {"RightName": "GenericAll", "IsInherited": true, "PrincipalSID": "S-1-5-21-3072663084-364016917-1341370565-519", "PrincipalType": "Group"}, {"RightName": "GenericWrite", "IsInherited": true, "PrincipalSID": "HTB.LOCAL-S-1-5-32-544", "PrincipalType": "Group"}, {"RightName": "WriteOwner", "IsInherited": true, "PrincipalSID": "HTB.LOCAL-S-1-5-32-544", "PrincipalType": "Group"}, {"RightName": "AllExtendedRights", "IsInherited": true, "PrincipalSID": "HTB.LOCAL-S-1-5-32-544", "PrincipalType": "Group"}, {"RightName": "WriteDacl", "IsInherited": true, "PrincipalSID": "HTB.LOCAL-S-1-5-32-544", "PrincipalType": "Group"}, {"RightName": "GenericWrite", "IsInherited": true, "PrincipalSID": "HTB.LOCAL-S-1-5-7", "PrincipalType": "Group"}], "SPNTargets": [], "HasSIDHistory": [], "IsDeleted": false, "IsACLProtected": false},{"AllowedToDelegate": [], "ObjectIdentifier": "S-1-5-21-3072663084-364016917-1341370565-1143", "PrimaryGroupSID": "S-1-5-21-3072663084-364016917-1341370565-513", "Properties": {"name": "HEALTHMAILBOX7108A4E@HTB.LOCAL", "domain": "HTB.LOCAL", "domainsid": "S-1-5-21-3072663084-364016917-1341370565", "distinguishedname": "CN=HEALTHMAILBOX7108A4E350F84B32A7A90D8E718F78CF,CN=MONITORING MAILBOXES,CN=MICROSOFT EXCHANGE SYSTEM OBJECTS,DC=HTB,DC=LOCAL", "unconstraineddelegation": false, "trustedtoauth": false, "passwordnotreqd": false, "enabled": true, "lastlogon": 0, "lastlogontimestamp": -1, "pwdlastset": 1568894268, "dontreqpreauth": false, "pwdneverexpires": true, "sensitive": false, "serviceprincipalnames": [], "hasspn": false, "displayname": "HealthMailbox-EXCH01-009", "email": "HealthMailbox7108a4e350f84b32a7a90d8e718f78cf@htb.local", "title": null, "homedirectory": null, "description": null, "userpassword": null, "admincount": false, "sidhistory": [], "whencreated": 1568894268, "unixpassword": null, "unicodepassword": null, "logonscript": null, "samaccountname": "HealthMailbox7108a4e", "sfupassword": null}, "Aces": [{"RightName": "Owns", "IsInherited": false, "PrincipalSID": "S-1-5-21-3072663084-364016917-1341370565-1103", "PrincipalType": "Computer"}, {"RightName": "GenericAll", "IsInherited": false, "PrincipalSID": "S-1-5-21-3072663084-364016917-1341370565-512", "PrincipalType": "Group"}, {"RightName": "GenericAll", "IsInherited": false, "PrincipalSID": "HTB.LOCAL-S-1-5-32-548", "PrincipalType": "Group"}, {"RightName": "ForceChangePassword", "IsInherited": true, "PrincipalSID": "S-1-5-21-3072663084-364016917-1341370565-1118", "PrincipalType": "Group"}, {"RightName": "GenericWrite", "IsInherited": true, "PrincipalSID": "S-1-5-21-3072663084-364016917-1341370565-1104", "PrincipalType": "Group"}, {"RightName": "GenericWrite", "IsInherited": true, "PrincipalSID": "S-1-5-21-3072663084-364016917-1341370565-1118", "PrincipalType": "Group"}, {"RightName": "ForceChangePassword", "IsInherited": true, "PrincipalSID": "S-1-5-21-3072663084-364016917-1341370565-1121", "PrincipalType": "Group"}, {"RightName": "AddKeyCredentialLink", "IsInherited": true, "PrincipalSID": "S-1-5-21-3072663084-364016917-1341370565-526", "PrincipalType": "Group"}, {"RightName": "AddKeyCredentialLink", "IsInherited": true, "PrincipalSID": "S-1-5-21-3072663084-364016917-1341370565-527", "PrincipalType": "Group"}, {"RightName": "WriteDacl", "IsInherited": true, "PrincipalSID": "S-1-5-21-3072663084-364016917-1341370565-1121", "PrincipalType": "Group"}, {"RightName": "GenericAll", "IsInherited": true, "PrincipalSID": "S-1-5-21-3072663084-364016917-1341370565-519", "PrincipalType": "Group"}, {"RightName": "GenericWrite", "IsInherited": true, "PrincipalSID": "HTB.LOCAL-S-1-5-32-544", "PrincipalType": "Group"}, {"RightName": "WriteOwner", "IsInherited": true, "PrincipalSID": "HTB.LOCAL-S-1-5-32-544", "PrincipalType": "Group"}, {"RightName": "AllExtendedRights", "IsInherited": true, "PrincipalSID": "HTB.LOCAL-S-1-5-32-544", "PrincipalType": "Group"}, {"RightName": "WriteDacl", "IsInherited": true, "PrincipalSID": "HTB.LOCAL-S-1-5-32-544", "PrincipalType": "Group"}, {"RightName": "GenericWrite", "IsInherited": true, "PrincipalSID": "HTB.LOCAL-S-1-5-7", "PrincipalType": "Group"}], "SPNTargets": [], "HasSIDHistory": [], "IsDeleted": false, "IsACLProtected": false},{"AllowedToDelegate": [], "ObjectIdentifier": "S-1-5-21-3072663084-364016917-1341370565-1141", "PrimaryGroupSID": "S-1-5-21-3072663084-364016917-1341370565-513", "Properties": {"name": "HEALTHMAILBOXFD87238@HTB.LOCAL", "domain": "HTB.LOCAL", "domainsid": "S-1-5-21-3072663084-364016917-1341370565", "distinguishedname": "CN=HEALTHMAILBOXFD87238E536E49E08738480D300E3772,CN=MONITORING MAILBOXES,CN=MICROSOFT EXCHANGE SYSTEM OBJECTS,DC=HTB,DC=LOCAL", "unconstraineddelegation": false, "trustedtoauth": false, "passwordnotreqd": false, "enabled": true, "lastlogon": 0, "lastlogontimestamp": -1, "pwdlastset": 1568894247, "dontreqpreauth": false, "pwdneverexpires": true, "sensitive": false, "serviceprincipalnames": [], "hasspn": false, "displayname": "HealthMailbox-EXCH01-007", "email": "HealthMailboxfd87238e536e49e08738480d300e3772@htb.local", "title": null, "homedirectory": null, "description": null, "userpassword": null, "admincount": false, "sidhistory": [], "whencreated": 1568894247, "unixpassword": null, "unicodepassword": null, "logonscript": null, "samaccountname": "HealthMailboxfd87238", "sfupassword": null}, "Aces": [{"RightName": "Owns", "IsInherited": false, "PrincipalSID": "S-1-5-21-3072663084-364016917-1341370565-1103", "PrincipalType": "Computer"}, {"RightName": "GenericAll", "IsInherited": false, "PrincipalSID": "S-1-5-21-3072663084-364016917-1341370565-512", "PrincipalType": "Group"}, {"RightName": "GenericAll", "IsInherited": false, "PrincipalSID": "HTB.LOCAL-S-1-5-32-548", "PrincipalType": "Group"}, {"RightName": "ForceChangePassword", "IsInherited": true, "PrincipalSID": "S-1-5-21-3072663084-364016917-1341370565-1118", "PrincipalType": "Group"}, {"RightName": "GenericWrite", "IsInherited": true, "PrincipalSID": "S-1-5-21-3072663084-364016917-1341370565-1104", "PrincipalType": "Group"}, {"RightName": "GenericWrite", "IsInherited": true, "PrincipalSID": "S-1-5-21-3072663084-364016917-1341370565-1118", "PrincipalType": "Group"}, {"RightName": "ForceChangePassword", "IsInherited": true, "PrincipalSID": "S-1-5-21-3072663084-364016917-1341370565-1121", "PrincipalType": "Group"}, {"RightName": "AddKeyCredentialLink", "IsInherited": true, "PrincipalSID": "S-1-5-21-3072663084-364016917-1341370565-526", "PrincipalType": "Group"}, {"RightName": "AddKeyCredentialLink", "IsInherited": true, "PrincipalSID": "S-1-5-21-3072663084-364016917-1341370565-527", "PrincipalType": "Group"}, {"RightName": "WriteDacl", "IsInherited": true, "PrincipalSID": "S-1-5-21-3072663084-364016917-1341370565-1121", "PrincipalType": "Group"}, {"RightName": "GenericAll", "IsInherited": true, "PrincipalSID": "S-1-5-21-3072663084-364016917-1341370565-519", "PrincipalType": "Group"}, {"RightName": "GenericWrite", "IsInherited": true, "PrincipalSID": "HTB.LOCAL-S-1-5-32-544", "PrincipalType": "Group"}, {"RightName": "WriteOwner", "IsInherited": true, "PrincipalSID": "HTB.LOCAL-S-1-5-32-544", "PrincipalType": "Group"}, {"RightName": "AllExtendedRights", "IsInherited": true, "PrincipalSID": "HTB.LOCAL-S-1-5-32-544", "PrincipalType": "Group"}, {"RightName": "WriteDacl", "IsInherited": true, "PrincipalSID": "HTB.LOCAL-S-1-5-32-544", "PrincipalType": "Group"}, {"RightName": "GenericWrite", "IsInherited": true, "PrincipalSID": "HTB.LOCAL-S-1-5-7", "PrincipalType": "Group"}], "SPNTargets": [], "HasSIDHistory": [], "IsDeleted": false, "IsACLProtected": false},{"AllowedToDelegate": [], "ObjectIdentifier": "S-1-5-21-3072663084-364016917-1341370565-1139", "PrimaryGroupSID": "S-1-5-21-3072663084-364016917-1341370565-513", "Properties": {"name": "HEALTHMAILBOX6DED678@HTB.LOCAL", "domain": "HTB.LOCAL", "domainsid": "S-1-5-21-3072663084-364016917-1341370565", "distinguishedname": "CN=HEALTHMAILBOX6DED67848A234577A1756E072081D01F,CN=MONITORING MAILBOXES,CN=MICROSOFT EXCHANGE SYSTEM OBJECTS,DC=HTB,DC=LOCAL", "unconstraineddelegation": false, "trustedtoauth": false, "passwordnotreqd": false, "enabled": true, "lastlogon": 0, "lastlogontimestamp": -1, "pwdlastset": 1568894226, "dontreqpreauth": false, "pwdneverexpires": true, "sensitive": false, "serviceprincipalnames": [], "hasspn": false, "displayname": "HealthMailbox-EXCH01-005", "email": "HealthMailbox6ded67848a234577a1756e072081d01f@htb.local", "title": null, "homedirectory": null, "description": null, "userpassword": null, "admincount": false, "sidhistory": [], "whencreated": 1568894226, "unixpassword": null, "unicodepassword": null, "logonscript": null, "samaccountname": "HealthMailbox6ded678", "sfupassword": null}, "Aces": [{"RightName": "Owns", "IsInherited": false, "PrincipalSID": "S-1-5-21-3072663084-364016917-1341370565-1103", "PrincipalType": "Computer"}, {"RightName": "GenericAll", "IsInherited": false, "PrincipalSID": "S-1-5-21-3072663084-364016917-1341370565-512", "PrincipalType": "Group"}, {"RightName": "GenericAll", "IsInherited": false, "PrincipalSID": "HTB.LOCAL-S-1-5-32-548", "PrincipalType": "Group"}, {"RightName": "ForceChangePassword", "IsInherited": true, "PrincipalSID": "S-1-5-21-3072663084-364016917-1341370565-1118", "PrincipalType": "Group"}, {"RightName": "GenericWrite", "IsInherited": true, "PrincipalSID": "S-1-5-21-3072663084-364016917-1341370565-1104", "PrincipalType": "Group"}, {"RightName": "GenericWrite", "IsInherited": true, "PrincipalSID": "S-1-5-21-3072663084-364016917-1341370565-1118", "PrincipalType": "Group"}, {"RightName": "ForceChangePassword", "IsInherited": true, "PrincipalSID": "S-1-5-21-3072663084-364016917-1341370565-1121", "PrincipalType": "Group"}, {"RightName": "AddKeyCredentialLink", "IsInherited": true, "PrincipalSID": "S-1-5-21-3072663084-364016917-1341370565-526", "PrincipalType": "Group"}, {"RightName": "AddKeyCredentialLink", "IsInherited": true, "PrincipalSID": "S-1-5-21-3072663084-364016917-1341370565-527", "PrincipalType": "Group"}, {"RightName": "WriteDacl", "IsInherited": true, "PrincipalSID": "S-1-5-21-3072663084-364016917-1341370565-1121", "PrincipalType": "Group"}, {"RightName": "GenericAll", "IsInherited": true, "PrincipalSID": "S-1-5-21-3072663084-364016917-1341370565-519", "PrincipalType": "Group"}, {"RightName": "GenericWrite", "IsInherited": true, "PrincipalSID": "HTB.LOCAL-S-1-5-32-544", "PrincipalType": "Group"}, {"RightName": "WriteOwner", "IsInherited": true, "PrincipalSID": "HTB.LOCAL-S-1-5-32-544", "PrincipalType": "Group"}, {"RightName": "AllExtendedRights", "IsInherited": true, "PrincipalSID": "HTB.LOCAL-S-1-5-32-544", "PrincipalType": "Group"}, {"RightName": "WriteDacl", "IsInherited": true, "PrincipalSID": "HTB.LOCAL-S-1-5-32-544", "PrincipalType": "Group"}, {"RightName": "GenericWrite", "IsInherited": true, "PrincipalSID": "HTB.LOCAL-S-1-5-7", "PrincipalType": "Group"}], "SPNTargets": [], "HasSIDHistory": [], "IsDeleted": false, "IsACLProtected": false},{"AllowedToDelegate": [], "ObjectIdentifier": "S-1-5-21-3072663084-364016917-1341370565-1138", "PrimaryGroupSID": "S-1-5-21-3072663084-364016917-1341370565-513", "Properties": {"name": "HEALTHMAILBOX968E74D@HTB.LOCAL", "domain": "HTB.LOCAL", "domainsid": "S-1-5-21-3072663084-364016917-1341370565", "distinguishedname": "CN=HEALTHMAILBOX968E74DD3EDB414CB4018376E7DD95BA,CN=MONITORING MAILBOXES,CN=MICROSOFT EXCHANGE SYSTEM OBJECTS,DC=HTB,DC=LOCAL", "unconstraineddelegation": false, "trustedtoauth": false, "passwordnotreqd": false, "enabled": true, "lastlogon": 0, "lastlogontimestamp": -1, "pwdlastset": 1568894216, "dontreqpreauth": false, "pwdneverexpires": true, "sensitive": false, "serviceprincipalnames": [], "hasspn": false, "displayname": "HealthMailbox-EXCH01-004", "email": "HealthMailbox968e74dd3edb414cb4018376e7dd95ba@htb.local", "title": null, "homedirectory": null, "description": null, "userpassword": null, "admincount": false, "sidhistory": [], "whencreated": 1568894216, "unixpassword": null, "unicodepassword": null, "logonscript": null, "samaccountname": "HealthMailbox968e74d", "sfupassword": null}, "Aces": [{"RightName": "Owns", "IsInherited": false, "PrincipalSID": "S-1-5-21-3072663084-364016917-1341370565-1103", "PrincipalType": "Computer"}, {"RightName": "GenericAll", "IsInherited": false, "PrincipalSID": "S-1-5-21-3072663084-364016917-1341370565-512", "PrincipalType": "Group"}, {"RightName": "GenericAll", "IsInherited": false, "PrincipalSID": "HTB.LOCAL-S-1-5-32-548", "PrincipalType": "Group"}, {"RightName": "ForceChangePassword", "IsInherited": true, "PrincipalSID": "S-1-5-21-3072663084-364016917-1341370565-1118", "PrincipalType": "Group"}, {"RightName": "GenericWrite", "IsInherited": true, "PrincipalSID": "S-1-5-21-3072663084-364016917-1341370565-1104", "PrincipalType": "Group"}, {"RightName": "GenericWrite", "IsInherited": true, "PrincipalSID": "S-1-5-21-3072663084-364016917-1341370565-1118", "PrincipalType": "Group"}, {"RightName": "ForceChangePassword", "IsInherited": true, "PrincipalSID": "S-1-5-21-3072663084-364016917-1341370565-1121", "PrincipalType": "Group"}, {"RightName": "AddKeyCredentialLink", "IsInherited": true, "PrincipalSID": "S-1-5-21-3072663084-364016917-1341370565-526", "PrincipalType": "Group"}, {"RightName": "AddKeyCredentialLink", "IsInherited": true, "PrincipalSID": "S-1-5-21-3072663084-364016917-1341370565-527", "PrincipalType": "Group"}, {"RightName": "WriteDacl", "IsInherited": true, "PrincipalSID": "S-1-5-21-3072663084-364016917-1341370565-1121", "PrincipalType": "Group"}, {"RightName": "GenericAll", "IsInherited": true, "PrincipalSID": "S-1-5-21-3072663084-364016917-1341370565-519", "PrincipalType": "Group"}, {"RightName": "GenericWrite", "IsInherited": true, "PrincipalSID": "HTB.LOCAL-S-1-5-32-544", "PrincipalType": "Group"}, {"RightName": "WriteOwner", "IsInherited": true, "PrincipalSID": "HTB.LOCAL-S-1-5-32-544", "PrincipalType": "Group"}, {"RightName": "AllExtendedRights", "IsInherited": true, "PrincipalSID": "HTB.LOCAL-S-1-5-32-544", "PrincipalType": "Group"}, {"RightName": "WriteDacl", "IsInherited": true, "PrincipalSID": "HTB.LOCAL-S-1-5-32-544", "PrincipalType": "Group"}, {"RightName": "GenericWrite", "IsInherited": true, "PrincipalSID": "HTB.LOCAL-S-1-5-7", "PrincipalType": "Group"}], "SPNTargets": [], "HasSIDHistory": [], "IsDeleted": false, "IsACLProtected": false},{"AllowedToDelegate": [], "ObjectIdentifier": "S-1-5-21-3072663084-364016917-1341370565-1140", "PrimaryGroupSID": "S-1-5-21-3072663084-364016917-1341370565-513", "Properties": {"name": "HEALTHMAILBOX83D6781@HTB.LOCAL", "domain": "HTB.LOCAL", "domainsid": "S-1-5-21-3072663084-364016917-1341370565", "distinguishedname": "CN=HEALTHMAILBOX83D6781BE36B4BBF8893B03C2EE379AB,CN=MONITORING MAILBOXES,CN=MICROSOFT EXCHANGE SYSTEM OBJECTS,DC=HTB,DC=LOCAL", "unconstraineddelegation": false, "trustedtoauth": false, "passwordnotreqd": false, "enabled": true, "lastlogon": 0, "lastlogontimestamp": -1, "pwdlastset": 1568894237, "dontreqpreauth": false, "pwdneverexpires": true, "sensitive": false, "serviceprincipalnames": [], "hasspn": false, "displayname": "HealthMailbox-EXCH01-006", "email": "HealthMailbox83d6781be36b4bbf8893b03c2ee379ab@htb.local", "title": null, "homedirectory": null, "description": null, "userpassword": null, "admincount": false, "sidhistory": [], "whencreated": 1568894237, "unixpassword": null, "unicodepassword": null, "logonscript": null, "samaccountname": "HealthMailbox83d6781", "sfupassword": null}, "Aces": [{"RightName": "Owns", "IsInherited": false, "PrincipalSID": "S-1-5-21-3072663084-364016917-1341370565-1103", "PrincipalType": "Computer"}, {"RightName": "GenericAll", "IsInherited": false, "PrincipalSID": "S-1-5-21-3072663084-364016917-1341370565-512", "PrincipalType": "Group"}, {"RightName": "GenericAll", "IsInherited": false, "PrincipalSID": "HTB.LOCAL-S-1-5-32-548", "PrincipalType": "Group"}, {"RightName": "ForceChangePassword", "IsInherited": true, "PrincipalSID": "S-1-5-21-3072663084-364016917-1341370565-1118", "PrincipalType": "Group"}, {"RightName": "GenericWrite", "IsInherited": true, "PrincipalSID": "S-1-5-21-3072663084-364016917-1341370565-1104", "PrincipalType": "Group"}, {"RightName": "GenericWrite", "IsInherited": true, "PrincipalSID": "S-1-5-21-3072663084-364016917-1341370565-1118", "PrincipalType": "Group"}, {"RightName": "ForceChangePassword", "IsInherited": true, "PrincipalSID": "S-1-5-21-3072663084-364016917-1341370565-1121", "PrincipalType": "Group"}, {"RightName": "AddKeyCredentialLink", "IsInherited": true, "PrincipalSID": "S-1-5-21-3072663084-364016917-1341370565-526", "PrincipalType": "Group"}, {"RightName": "AddKeyCredentialLink", "IsInherited": true, "PrincipalSID": "S-1-5-21-3072663084-364016917-1341370565-527", "PrincipalType": "Group"}, {"RightName": "WriteDacl", "IsInherited": true, "PrincipalSID": "S-1-5-21-3072663084-364016917-1341370565-1121", "PrincipalType": "Group"}, {"RightName": "GenericAll", "IsInherited": true, "PrincipalSID": "S-1-5-21-3072663084-364016917-1341370565-519", "PrincipalType": "Group"}, {"RightName": "GenericWrite", "IsInherited": true, "PrincipalSID": "HTB.LOCAL-S-1-5-32-544", "PrincipalType": "Group"}, {"RightName": "WriteOwner", "IsInherited": true, "PrincipalSID": "HTB.LOCAL-S-1-5-32-544", "PrincipalType": "Group"}, {"RightName": "AllExtendedRights", "IsInherited": true, "PrincipalSID": "HTB.LOCAL-S-1-5-32-544", "PrincipalType": "Group"}, {"RightName": "WriteDacl", "IsInherited": true, "PrincipalSID": "HTB.LOCAL-S-1-5-32-544", "PrincipalType": "Group"}, {"RightName": "GenericWrite", "IsInherited": true, "PrincipalSID": "HTB.LOCAL-S-1-5-7", "PrincipalType": "Group"}], "SPNTargets": [], "HasSIDHistory": [], "IsDeleted": false, "IsACLProtected": false},{"AllowedToDelegate": [], "ObjectIdentifier": "S-1-5-21-3072663084-364016917-1341370565-1137", "PrimaryGroupSID": "S-1-5-21-3072663084-364016917-1341370565-513", "Properties": {"name": "HEALTHMAILBOX670628E@HTB.LOCAL", "domain": "HTB.LOCAL", "domainsid": "S-1-5-21-3072663084-364016917-1341370565", "distinguishedname": "CN=HEALTHMAILBOX670628EC4DD64321ACFDF6E67DB3A2D8,CN=MONITORING MAILBOXES,CN=MICROSOFT EXCHANGE SYSTEM OBJECTS,DC=HTB,DC=LOCAL", "unconstraineddelegation": false, "trustedtoauth": false, "passwordnotreqd": false, "enabled": true, "lastlogon": 0, "lastlogontimestamp": -1, "pwdlastset": 1568894205, "dontreqpreauth": false, "pwdneverexpires": true, "sensitive": false, "serviceprincipalnames": [], "hasspn": false, "displayname": "HealthMailbox-EXCH01-003", "email": "HealthMailbox670628ec4dd64321acfdf6e67db3a2d8@htb.local", "title": null, "homedirectory": null, "description": null, "userpassword": null, "admincount": false, "sidhistory": [], "whencreated": 1568894205, "unixpassword": null, "unicodepassword": null, "logonscript": null, "samaccountname": "HealthMailbox670628e", "sfupassword": null}, "Aces": [{"RightName": "Owns", "IsInherited": false, "PrincipalSID": "S-1-5-21-3072663084-364016917-1341370565-1103", "PrincipalType": "Computer"}, {"RightName": "GenericAll", "IsInherited": false, "PrincipalSID": "S-1-5-21-3072663084-364016917-1341370565-512", "PrincipalType": "Group"}, {"RightName": "GenericAll", "IsInherited": false, "PrincipalSID": "HTB.LOCAL-S-1-5-32-548", "PrincipalType": "Group"}, {"RightName": "ForceChangePassword", "IsInherited": true, "PrincipalSID": "S-1-5-21-3072663084-364016917-1341370565-1118", "PrincipalType": "Group"}, {"RightName": "GenericWrite", "IsInherited": true, "PrincipalSID": "S-1-5-21-3072663084-364016917-1341370565-1104", "PrincipalType": "Group"}, {"RightName": "GenericWrite", "IsInherited": true, "PrincipalSID": "S-1-5-21-3072663084-364016917-1341370565-1118", "PrincipalType": "Group"}, {"RightName": "ForceChangePassword", "IsInherited": true, "PrincipalSID": "S-1-5-21-3072663084-364016917-1341370565-1121", "PrincipalType": "Group"}, {"RightName": "AddKeyCredentialLink", "IsInherited": true, "PrincipalSID": "S-1-5-21-3072663084-364016917-1341370565-526", "PrincipalType": "Group"}, {"RightName": "AddKeyCredentialLink", "IsInherited": true, "PrincipalSID": "S-1-5-21-3072663084-364016917-1341370565-527", "PrincipalType": "Group"}, {"RightName": "WriteDacl", "IsInherited": true, "PrincipalSID": "S-1-5-21-3072663084-364016917-1341370565-1121", "PrincipalType": "Group"}, {"RightName": "GenericAll", "IsInherited": true, "PrincipalSID": "S-1-5-21-3072663084-364016917-1341370565-519", "PrincipalType": "Group"}, {"RightName": "GenericWrite", "IsInherited": true, "PrincipalSID": "HTB.LOCAL-S-1-5-32-544", "PrincipalType": "Group"}, {"RightName": "WriteOwner", "IsInherited": true, "PrincipalSID": "HTB.LOCAL-S-1-5-32-544", "PrincipalType": "Group"}, {"RightName": "AllExtendedRights", "IsInherited": true, "PrincipalSID": "HTB.LOCAL-S-1-5-32-544", "PrincipalType": "Group"}, {"RightName": "WriteDacl", "IsInherited": true, "PrincipalSID": "HTB.LOCAL-S-1-5-32-544", "PrincipalType": "Group"}, {"RightName": "GenericWrite", "IsInherited": true, "PrincipalSID": "HTB.LOCAL-S-1-5-7", "PrincipalType": "Group"}], "SPNTargets": [], "HasSIDHistory": [], "IsDeleted": false, "IsACLProtected": false},{"AllowedToDelegate": [], "ObjectIdentifier": "S-1-5-21-3072663084-364016917-1341370565-1132", "PrimaryGroupSID": "S-1-5-21-3072663084-364016917-1341370565-513", "Properties": {"name": "SM_1FFAB36A2F5F479CB@HTB.LOCAL", "domain": "HTB.LOCAL", "domainsid": "S-1-5-21-3072663084-364016917-1341370565", "distinguishedname": "CN=SYSTEMMAILBOX{8CC370D3-822A-4AB8-A926-BB94BD0641A9},CN=USERS,DC=HTB,DC=LOCAL", "unconstraineddelegation": false, "trustedtoauth": false, "passwordnotreqd": false, "enabled": false, "lastlogon": 0, "lastlogontimestamp": -1, "pwdlastset": 0, "dontreqpreauth": false, "pwdneverexpires": false, "sensitive": false, "serviceprincipalnames": [], "hasspn": false, "displayname": "SystemMailbox{8cc370d3-822a-4ab8-a926-bb94bd0641a9}", "email": "SystemMailbox{8cc370d3-822a-4ab8-a926-bb94bd0641a9}@htb.local", "title": null, "homedirectory": null, "description": null, "userpassword": null, "admincount": false, "sidhistory": [], "whencreated": 1568891487, "unixpassword": null, "unicodepassword": null, "logonscript": null, "samaccountname": "SM_1ffab36a2f5f479cb", "sfupassword": null}, "Aces": [{"RightName": "Owns", "IsInherited": false, "PrincipalSID": "S-1-5-21-3072663084-364016917-1341370565-512", "PrincipalType": "Group"}, {"RightName": "GenericAll", "IsInherited": false, "PrincipalSID": "S-1-5-21-3072663084-364016917-1341370565-512", "PrincipalType": "Group"}, {"RightName": "GenericAll", "IsInherited": false, "PrincipalSID": "S-1-5-21-3072663084-364016917-1341370565-1104", "PrincipalType": "Group"}, {"RightName": "GenericAll", "IsInherited": false, "PrincipalSID": "HTB.LOCAL-S-1-5-32-548", "PrincipalType": "Group"}, {"RightName": "ForceChangePassword", "IsInherited": true, "PrincipalSID": "S-1-5-21-3072663084-364016917-1341370565-1121", "PrincipalType": "Group"}, {"RightName": "AddKeyCredentialLink", "IsInherited": true, "PrincipalSID": "S-1-5-21-3072663084-364016917-1341370565-526", "PrincipalType": "Group"}, {"RightName": "AddKeyCredentialLink", "IsInherited": true, "PrincipalSID": "S-1-5-21-3072663084-364016917-1341370565-527", "PrincipalType": "Group"}, {"RightName": "WriteDacl", "IsInherited": true, "PrincipalSID": "S-1-5-21-3072663084-364016917-1341370565-1121", "PrincipalType": "Group"}, {"RightName": "GenericAll", "IsInherited": true, "PrincipalSID": "S-1-5-21-3072663084-364016917-1341370565-519", "PrincipalType": "Group"}, {"RightName": "GenericWrite", "IsInherited": true, "PrincipalSID": "HTB.LOCAL-S-1-5-32-544", "PrincipalType": "Group"}, {"RightName": "WriteOwner", "IsInherited": true, "PrincipalSID": "HTB.LOCAL-S-1-5-32-544", "PrincipalType": "Group"}, {"RightName": "AllExtendedRights", "IsInherited": true, "PrincipalSID": "HTB.LOCAL-S-1-5-32-544", "PrincipalType": "Group"}, {"RightName": "WriteDacl", "IsInherited": true, "PrincipalSID": "HTB.LOCAL-S-1-5-32-544", "PrincipalType": "Group"}, {"RightName": "GenericWrite", "IsInherited": true, "PrincipalSID": "HTB.LOCAL-S-1-5-7", "PrincipalType": "Group"}], "SPNTargets": [], "HasSIDHistory": [], "IsDeleted": false, "IsACLProtected": false},{"AllowedToDelegate": [], "ObjectIdentifier": "S-1-5-21-3072663084-364016917-1341370565-1136", "PrimaryGroupSID": "S-1-5-21-3072663084-364016917-1341370565-513", "Properties": {"name": "HEALTHMAILBOXC0A90C9@HTB.LOCAL", "domain": "HTB.LOCAL", "domainsid": "S-1-5-21-3072663084-364016917-1341370565", "distinguishedname": "CN=HEALTHMAILBOXC0A90C97D4994429B15003D6A518F3F5,CN=MONITORING MAILBOXES,CN=MICROSOFT EXCHANGE SYSTEM OBJECTS,DC=HTB,DC=LOCAL", "unconstraineddelegation": false, "trustedtoauth": false, "passwordnotreqd": false, "enabled": true, "lastlogon": 0, "lastlogontimestamp": -1, "pwdlastset": 1568894195, "dontreqpreauth": false, "pwdneverexpires": true, "sensitive": false, "serviceprincipalnames": [], "hasspn": false, "displayname": "HealthMailbox-EXCH01-002", "email": "HealthMailboxc0a90c97d4994429b15003d6a518f3f5@htb.local", "title": null, "homedirectory": null, "description": null, "userpassword": null, "admincount": false, "sidhistory": [], "whencreated": 1568894195, "unixpassword": null, "unicodepassword": null, "logonscript": null, "samaccountname": "HealthMailboxc0a90c9", "sfupassword": null}, "Aces": [{"RightName": "Owns", "IsInherited": false, "PrincipalSID": "S-1-5-21-3072663084-364016917-1341370565-1103", "PrincipalType": "Computer"}, {"RightName": "GenericAll", "IsInherited": false, "PrincipalSID": "S-1-5-21-3072663084-364016917-1341370565-512", "PrincipalType": "Group"}, {"RightName": "GenericAll", "IsInherited": false, "PrincipalSID": "HTB.LOCAL-S-1-5-32-548", "PrincipalType": "Group"}, {"RightName": "ForceChangePassword", "IsInherited": true, "PrincipalSID": "S-1-5-21-3072663084-364016917-1341370565-1118", "PrincipalType": "Group"}, {"RightName": "GenericWrite", "IsInherited": true, "PrincipalSID": "S-1-5-21-3072663084-364016917-1341370565-1104", "PrincipalType": "Group"}, {"RightName": "GenericWrite", "IsInherited": true, "PrincipalSID": "S-1-5-21-3072663084-364016917-1341370565-1118", "PrincipalType": "Group"}, {"RightName": "ForceChangePassword", "IsInherited": true, "PrincipalSID": "S-1-5-21-3072663084-364016917-1341370565-1121", "PrincipalType": "Group"}, {"RightName": "AddKeyCredentialLink", "IsInherited": true, "PrincipalSID": "S-1-5-21-3072663084-364016917-1341370565-526", "PrincipalType": "Group"}, {"RightName": "AddKeyCredentialLink", "IsInherited": true, "PrincipalSID": "S-1-5-21-3072663084-364016917-1341370565-527", "PrincipalType": "Group"}, {"RightName": "WriteDacl", "IsInherited": true, "PrincipalSID": "S-1-5-21-3072663084-364016917-1341370565-1121", "PrincipalType": "Group"}, {"RightName": "GenericAll", "IsInherited": true, "PrincipalSID": "S-1-5-21-3072663084-364016917-1341370565-519", "PrincipalType": "Group"}, {"RightName": "GenericWrite", "IsInherited": true, "PrincipalSID": "HTB.LOCAL-S-1-5-32-544", "PrincipalType": "Group"}, {"RightName": "WriteOwner", "IsInherited": true, "PrincipalSID": "HTB.LOCAL-S-1-5-32-544", "PrincipalType": "Group"}, {"RightName": "AllExtendedRights", "IsInherited": true, "PrincipalSID": "HTB.LOCAL-S-1-5-32-544", "PrincipalType": "Group"}, {"RightName": "WriteDacl", "IsInherited": true, "PrincipalSID": "HTB.LOCAL-S-1-5-32-544", "PrincipalType": "Group"}, {"RightName": "GenericWrite", "IsInherited": true, "PrincipalSID": "HTB.LOCAL-S-1-5-7", "PrincipalType": "Group"}], "SPNTargets": [], "HasSIDHistory": [], "IsDeleted": false, "IsACLProtected": false},{"AllowedToDelegate": [], "ObjectIdentifier": "S-1-5-21-3072663084-364016917-1341370565-1131", "PrimaryGroupSID": "S-1-5-21-3072663084-364016917-1341370565-513", "Properties": {"name": "SM_C75EE099D0A64C91B@HTB.LOCAL", "domain": "HTB.LOCAL", "domainsid": "S-1-5-21-3072663084-364016917-1341370565", "distinguishedname": "CN=SYSTEMMAILBOX{2CE34405-31BE-455D-89D7-A7C7DA7A0DAA},CN=USERS,DC=HTB,DC=LOCAL", "unconstraineddelegation": false, "trustedtoauth": false, "passwordnotreqd": false, "enabled": false, "lastlogon": 0, "lastlogontimestamp": -1, "pwdlastset": 0, "dontreqpreauth": false, "pwdneverexpires": false, "sensitive": false, "serviceprincipalnames": [], "hasspn": false, "displayname": "Microsoft Exchange", "email": "SystemMailbox{2CE34405-31BE-455D-89D7-A7C7DA7A0DAA}@htb.local", "title": null, "homedirectory": null, "description": null, "userpassword": null, "admincount": false, "sidhistory": [], "whencreated": 1568891487, "unixpassword": null, "unicodepassword": null, "logonscript": null, "samaccountname": "SM_c75ee099d0a64c91b", "sfupassword": null}, "Aces": [{"RightName": "Owns", "IsInherited": false, "PrincipalSID": "S-1-5-21-3072663084-364016917-1341370565-512", "PrincipalType": "Group"}, {"RightName": "GenericAll", "IsInherited": false, "PrincipalSID": "S-1-5-21-3072663084-364016917-1341370565-512", "PrincipalType": "Group"}, {"RightName": "GenericAll", "IsInherited": false, "PrincipalSID": "S-1-5-21-3072663084-364016917-1341370565-1104", "PrincipalType": "Group"}, {"RightName": "GenericAll", "IsInherited": false, "PrincipalSID": "HTB.LOCAL-S-1-5-32-548", "PrincipalType": "Group"}, {"RightName": "ForceChangePassword", "IsInherited": true, "PrincipalSID": "S-1-5-21-3072663084-364016917-1341370565-1121", "PrincipalType": "Group"}, {"RightName": "AddKeyCredentialLink", "IsInherited": true, "PrincipalSID": "S-1-5-21-3072663084-364016917-1341370565-526", "PrincipalType": "Group"}, {"RightName": "AddKeyCredentialLink", "IsInherited": true, "PrincipalSID": "S-1-5-21-3072663084-364016917-1341370565-527", "PrincipalType": "Group"}, {"RightName": "WriteDacl", "IsInherited": true, "PrincipalSID": "S-1-5-21-3072663084-364016917-1341370565-1121", "PrincipalType": "Group"}, {"RightName": "GenericAll", "IsInherited": true, "PrincipalSID": "S-1-5-21-3072663084-364016917-1341370565-519", "PrincipalType": "Group"}, {"RightName": "GenericWrite", "IsInherited": true, "PrincipalSID": "HTB.LOCAL-S-1-5-32-544", "PrincipalType": "Group"}, {"RightName": "WriteOwner", "IsInherited": true, "PrincipalSID": "HTB.LOCAL-S-1-5-32-544", "PrincipalType": "Group"}, {"RightName": "AllExtendedRights", "IsInherited": true, "PrincipalSID": "HTB.LOCAL-S-1-5-32-544", "PrincipalType": "Group"}, {"RightName": "WriteDacl", "IsInherited": true, "PrincipalSID": "HTB.LOCAL-S-1-5-32-544", "PrincipalType": "Group"}, {"RightName": "GenericWrite", "IsInherited": true, "PrincipalSID": "HTB.LOCAL-S-1-5-7", "PrincipalType": "Group"}], "SPNTargets": [], "HasSIDHistory": [], "IsDeleted": false, "IsACLProtected": false},{"AllowedToDelegate": [], "ObjectIdentifier": "S-1-5-21-3072663084-364016917-1341370565-1134", "PrimaryGroupSID": "S-1-5-21-3072663084-364016917-1341370565-513", "Properties": {"name": "HEALTHMAILBOXC3D7722@HTB.LOCAL", "domain": "HTB.LOCAL", "domainsid": "S-1-5-21-3072663084-364016917-1341370565", "distinguishedname": "CN=HEALTHMAILBOXC3D7722415AD41A5B19E3E00E165EDBE,CN=MONITORING MAILBOXES,CN=MICROSOFT EXCHANGE SYSTEM OBJECTS,DC=HTB,DC=LOCAL", "unconstraineddelegation": false, "trustedtoauth": false, "passwordnotreqd": false, "enabled": true, "lastlogon": 1569279432, "lastlogontimestamp": 1568896093, "pwdlastset": 1569279091, "dontreqpreauth": false, "pwdneverexpires": true, "sensitive": false, "serviceprincipalnames": [], "hasspn": false, "displayname": "HealthMailbox-EXCH01-Mailbox-Database-1118319013", "email": "HealthMailboxc3d7722415ad41a5b19e3e00e165edbe@htb.local", "title": null, "homedirectory": null, "description": null, "userpassword": null, "admincount": false, "sidhistory": [], "whencreated": 1568894167, "unixpassword": null, "unicodepassword": null, "logonscript": null, "samaccountname": "HealthMailboxc3d7722", "sfupassword": null}, "Aces": [{"RightName": "Owns", "IsInherited": false, "PrincipalSID": "S-1-5-21-3072663084-364016917-1341370565-1103", "PrincipalType": "Computer"}, {"RightName": "GenericAll", "IsInherited": false, "PrincipalSID": "S-1-5-21-3072663084-364016917-1341370565-512", "PrincipalType": "Group"}, {"RightName": "GenericAll", "IsInherited": false, "PrincipalSID": "HTB.LOCAL-S-1-5-32-548", "PrincipalType": "Group"}, {"RightName": "ForceChangePassword", "IsInherited": true, "PrincipalSID": "S-1-5-21-3072663084-364016917-1341370565-1118", "PrincipalType": "Group"}, {"RightName": "GenericWrite", "IsInherited": true, "PrincipalSID": "S-1-5-21-3072663084-364016917-1341370565-1104", "PrincipalType": "Group"}, {"RightName": "GenericWrite", "IsInherited": true, "PrincipalSID": "S-1-5-21-3072663084-364016917-1341370565-1118", "PrincipalType": "Group"}, {"RightName": "ForceChangePassword", "IsInherited": true, "PrincipalSID": "S-1-5-21-3072663084-364016917-1341370565-1121", "PrincipalType": "Group"}, {"RightName": "AddKeyCredentialLink", "IsInherited": true, "PrincipalSID": "S-1-5-21-3072663084-364016917-1341370565-526", "PrincipalType": "Group"}, {"RightName": "AddKeyCredentialLink", "IsInherited": true, "PrincipalSID": "S-1-5-21-3072663084-364016917-1341370565-527", "PrincipalType": "Group"}, {"RightName": "WriteDacl", "IsInherited": true, "PrincipalSID": "S-1-5-21-3072663084-364016917-1341370565-1121", "PrincipalType": "Group"}, {"RightName": "GenericAll", "IsInherited": true, "PrincipalSID": "S-1-5-21-3072663084-364016917-1341370565-519", "PrincipalType": "Group"}, {"RightName": "GenericWrite", "IsInherited": true, "PrincipalSID": "HTB.LOCAL-S-1-5-32-544", "PrincipalType": "Group"}, {"RightName": "WriteOwner", "IsInherited": true, "PrincipalSID": "HTB.LOCAL-S-1-5-32-544", "PrincipalType": "Group"}, {"RightName": "AllExtendedRights", "IsInherited": true, "PrincipalSID": "HTB.LOCAL-S-1-5-32-544", "PrincipalType": "Group"}, {"RightName": "WriteDacl", "IsInherited": true, "PrincipalSID": "HTB.LOCAL-S-1-5-32-544", "PrincipalType": "Group"}, {"RightName": "GenericWrite", "IsInherited": true, "PrincipalSID": "HTB.LOCAL-S-1-5-7", "PrincipalType": "Group"}], "SPNTargets": [], "HasSIDHistory": [], "IsDeleted": false, "IsACLProtected": false},{"AllowedToDelegate": [], "ObjectIdentifier": "S-1-5-21-3072663084-364016917-1341370565-1130", "PrimaryGroupSID": "S-1-5-21-3072663084-364016917-1341370565-513", "Properties": {"name": "SM_7C96B981967141EBB@HTB.LOCAL", "domain": "HTB.LOCAL", "domainsid": "S-1-5-21-3072663084-364016917-1341370565", "distinguishedname": "CN=SYSTEMMAILBOX{D0E409A0-AF9B-4720-92FE-AAC869B0D201},CN=USERS,DC=HTB,DC=LOCAL", "unconstraineddelegation": false, "trustedtoauth": false, "passwordnotreqd": false, "enabled": false, "lastlogon": 0, "lastlogontimestamp": -1, "pwdlastset": 0, "dontreqpreauth": false, "pwdneverexpires": false, "sensitive": false, "serviceprincipalnames": [], "hasspn": false, "displayname": "E4E Encryption Store - Active", "email": "SystemMailbox{D0E409A0-AF9B-4720-92FE-AAC869B0D201}@htb.local", "title": null, "homedirectory": null, "description": null, "userpassword": null, "admincount": false, "sidhistory": [], "whencreated": 1568891487, "unixpassword": null, "unicodepassword": null, "logonscript": null, "samaccountname": "SM_7c96b981967141ebb", "sfupassword": null}, "Aces": [{"RightName": "Owns", "IsInherited": false, "PrincipalSID": "S-1-5-21-3072663084-364016917-1341370565-512", "PrincipalType": "Group"}, {"RightName": "GenericAll", "IsInherited": false, "PrincipalSID": "S-1-5-21-3072663084-364016917-1341370565-512", "PrincipalType": "Group"}, {"RightName": "GenericAll", "IsInherited": false, "PrincipalSID": "S-1-5-21-3072663084-364016917-1341370565-1104", "PrincipalType": "Group"}, {"RightName": "GenericAll", "IsInherited": false, "PrincipalSID": "HTB.LOCAL-S-1-5-32-548", "PrincipalType": "Group"}, {"RightName": "ForceChangePassword", "IsInherited": true, "PrincipalSID": "S-1-5-21-3072663084-364016917-1341370565-1121", "PrincipalType": "Group"}, {"RightName": "AddKeyCredentialLink", "IsInherited": true, "PrincipalSID": "S-1-5-21-3072663084-364016917-1341370565-526", "PrincipalType": "Group"}, {"RightName": "AddKeyCredentialLink", "IsInherited": true, "PrincipalSID": "S-1-5-21-3072663084-364016917-1341370565-527", "PrincipalType": "Group"}, {"RightName": "WriteDacl", "IsInherited": true, "PrincipalSID": "S-1-5-21-3072663084-364016917-1341370565-1121", "PrincipalType": "Group"}, {"RightName": "GenericAll", "IsInherited": true, "PrincipalSID": "S-1-5-21-3072663084-364016917-1341370565-519", "PrincipalType": "Group"}, {"RightName": "GenericWrite", "IsInherited": true, "PrincipalSID": "HTB.LOCAL-S-1-5-32-544", "PrincipalType": "Group"}, {"RightName": "WriteOwner", "IsInherited": true, "PrincipalSID": "HTB.LOCAL-S-1-5-32-544", "PrincipalType": "Group"}, {"RightName": "AllExtendedRights", "IsInherited": true, "PrincipalSID": "HTB.LOCAL-S-1-5-32-544", "PrincipalType": "Group"}, {"RightName": "WriteDacl", "IsInherited": true, "PrincipalSID": "HTB.LOCAL-S-1-5-32-544", "PrincipalType": "Group"}, {"RightName": "GenericWrite", "IsInherited": true, "PrincipalSID": "HTB.LOCAL-S-1-5-7", "PrincipalType": "Group"}], "SPNTargets": [], "HasSIDHistory": [], "IsDeleted": false, "IsACLProtected": false},{"AllowedToDelegate": [], "ObjectIdentifier": "S-1-5-21-3072663084-364016917-1341370565-1135", "PrimaryGroupSID": "S-1-5-21-3072663084-364016917-1341370565-513", "Properties": {"name": "HEALTHMAILBOXFC9DAAD@HTB.LOCAL", "domain": "HTB.LOCAL", "domainsid": "S-1-5-21-3072663084-364016917-1341370565", "distinguishedname": "CN=HEALTHMAILBOXFC9DAAD117B84FE08B081886BD8A5A50,CN=MONITORING MAILBOXES,CN=MICROSOFT EXCHANGE SYSTEM OBJECTS,DC=HTB,DC=LOCAL", "unconstraineddelegation": false, "trustedtoauth": false, "passwordnotreqd": false, "enabled": true, "lastlogon": 1569279125, "lastlogontimestamp": 1568894314, "pwdlastset": 1569279095, "dontreqpreauth": false, "pwdneverexpires": true, "sensitive": false, "serviceprincipalnames": [], "hasspn": false, "displayname": "HealthMailbox-EXCH01-001", "email": "HealthMailboxfc9daad117b84fe08b081886bd8a5a50@htb.local", "title": null, "homedirectory": null, "description": null, "userpassword": null, "admincount": false, "sidhistory": [], "whencreated": 1568894182, "unixpassword": null, "unicodepassword": null, "logonscript": null, "samaccountname": "HealthMailboxfc9daad", "sfupassword": null}, "Aces": [{"RightName": "Owns", "IsInherited": false, "PrincipalSID": "S-1-5-21-3072663084-364016917-1341370565-1103", "PrincipalType": "Computer"}, {"RightName": "GenericAll", "IsInherited": false, "PrincipalSID": "S-1-5-21-3072663084-364016917-1341370565-512", "PrincipalType": "Group"}, {"RightName": "GenericAll", "IsInherited": false, "PrincipalSID": "HTB.LOCAL-S-1-5-32-548", "PrincipalType": "Group"}, {"RightName": "ForceChangePassword", "IsInherited": true, "PrincipalSID": "S-1-5-21-3072663084-364016917-1341370565-1118", "PrincipalType": "Group"}, {"RightName": "GenericWrite", "IsInherited": true, "PrincipalSID": "S-1-5-21-3072663084-364016917-1341370565-1104", "PrincipalType": "Group"}, {"RightName": "GenericWrite", "IsInherited": true, "PrincipalSID": "S-1-5-21-3072663084-364016917-1341370565-1118", "PrincipalType": "Group"}, {"RightName": "ForceChangePassword", "IsInherited": true, "PrincipalSID": "S-1-5-21-3072663084-364016917-1341370565-1121", "PrincipalType": "Group"}, {"RightName": "AddKeyCredentialLink", "IsInherited": true, "PrincipalSID": "S-1-5-21-3072663084-364016917-1341370565-526", "PrincipalType": "Group"}, {"RightName": "AddKeyCredentialLink", "IsInherited": true, "PrincipalSID": "S-1-5-21-3072663084-364016917-1341370565-527", "PrincipalType": "Group"}, {"RightName": "WriteDacl", "IsInherited": true, "PrincipalSID": "S-1-5-21-3072663084-364016917-1341370565-1121", "PrincipalType": "Group"}, {"RightName": "GenericAll", "IsInherited": true, "PrincipalSID": "S-1-5-21-3072663084-364016917-1341370565-519", "PrincipalType": "Group"}, {"RightName": "GenericWrite", "IsInherited": true, "PrincipalSID": "HTB.LOCAL-S-1-5-32-544", "PrincipalType": "Group"}, {"RightName": "WriteOwner", "IsInherited": true, "PrincipalSID": "HTB.LOCAL-S-1-5-32-544", "PrincipalType": "Group"}, {"RightName": "AllExtendedRights", "IsInherited": true, "PrincipalSID": "HTB.LOCAL-S-1-5-32-544", "PrincipalType": "Group"}, {"RightName": "WriteDacl", "IsInherited": true, "PrincipalSID": "HTB.LOCAL-S-1-5-32-544", "PrincipalType": "Group"}, {"RightName": "GenericWrite", "IsInherited": true, "PrincipalSID": "HTB.LOCAL-S-1-5-7", "PrincipalType": "Group"}], "SPNTargets": [], "HasSIDHistory": [], "IsDeleted": false, "IsACLProtected": false},{"AllowedToDelegate": [], "ObjectIdentifier": "S-1-5-21-3072663084-364016917-1341370565-1129", "PrimaryGroupSID": "S-1-5-21-3072663084-364016917-1341370565-513", "Properties": {"name": "SM_9B69F1B9D2CC45549@HTB.LOCAL", "domain": "HTB.LOCAL", "domainsid": "S-1-5-21-3072663084-364016917-1341370565", "distinguishedname": "CN=FEDERATEDEMAIL.4C1F4D8B-8179-4148-93BF-00A95FA1E042,CN=USERS,DC=HTB,DC=LOCAL", "unconstraineddelegation": false, "trustedtoauth": false, "passwordnotreqd": false, "enabled": false, "lastlogon": 0, "lastlogontimestamp": -1, "pwdlastset": 0, "dontreqpreauth": false, "pwdneverexpires": false, "sensitive": false, "serviceprincipalnames": [], "hasspn": false, "displayname": "Microsoft Exchange Federation Mailbox", "email": "FederatedEmail.4c1f4d8b-8179-4148-93bf-00a95fa1e042@htb.local", "title": null, "homedirectory": null, "description": null, "userpassword": null, "admincount": false, "sidhistory": [], "whencreated": 1568891487, "unixpassword": null, "unicodepassword": null, "logonscript": null, "samaccountname": "SM_9b69f1b9d2cc45549", "sfupassword": null}, "Aces": [{"RightName": "Owns", "IsInherited": false, "PrincipalSID": "S-1-5-21-3072663084-364016917-1341370565-512", "PrincipalType": "Group"}, {"RightName": "GenericAll", "IsInherited": false, "PrincipalSID": "S-1-5-21-3072663084-364016917-1341370565-512", "PrincipalType": "Group"}, {"RightName": "GenericAll", "IsInherited": false, "PrincipalSID": "S-1-5-21-3072663084-364016917-1341370565-1104", "PrincipalType": "Group"}, {"RightName": "GenericAll", "IsInherited": false, "PrincipalSID": "HTB.LOCAL-S-1-5-32-548", "PrincipalType": "Group"}, {"RightName": "ForceChangePassword", "IsInherited": true, "PrincipalSID": "S-1-5-21-3072663084-364016917-1341370565-1121", "PrincipalType": "Group"}, {"RightName": "AddKeyCredentialLink", "IsInherited": true, "PrincipalSID": "S-1-5-21-3072663084-364016917-1341370565-526", "PrincipalType": "Group"}, {"RightName": "AddKeyCredentialLink", "IsInherited": true, "PrincipalSID": "S-1-5-21-3072663084-364016917-1341370565-527", "PrincipalType": "Group"}, {"RightName": "WriteDacl", "IsInherited": true, "PrincipalSID": "S-1-5-21-3072663084-364016917-1341370565-1121", "PrincipalType": "Group"}, {"RightName": "GenericAll", "IsInherited": true, "PrincipalSID": "S-1-5-21-3072663084-364016917-1341370565-519", "PrincipalType": "Group"}, {"RightName": "GenericWrite", "IsInherited": true, "PrincipalSID": "HTB.LOCAL-S-1-5-32-544", "PrincipalType": "Group"}, {"RightName": "WriteOwner", "IsInherited": true, "PrincipalSID": "HTB.LOCAL-S-1-5-32-544", "PrincipalType": "Group"}, {"RightName": "AllExtendedRights", "IsInherited": true, "PrincipalSID": "HTB.LOCAL-S-1-5-32-544", "PrincipalType": "Group"}, {"RightName": "WriteDacl", "IsInherited": true, "PrincipalSID": "HTB.LOCAL-S-1-5-32-544", "PrincipalType": "Group"}, {"RightName": "GenericWrite", "IsInherited": true, "PrincipalSID": "HTB.LOCAL-S-1-5-7", "PrincipalType": "Group"}], "SPNTargets": [], "HasSIDHistory": [], "IsDeleted": false, "IsACLProtected": false},{"AllowedToDelegate": [], "ObjectIdentifier": "S-1-5-21-3072663084-364016917-1341370565-1128", "PrimaryGroupSID": "S-1-5-21-3072663084-364016917-1341370565-513", "Properties": {"name": "SM_1B41C9286325456BB@HTB.LOCAL", "domain": "HTB.LOCAL", "domainsid": "S-1-5-21-3072663084-364016917-1341370565", "distinguishedname": "CN=MIGRATION.8F3E7716-2011-43E4-96B1-ABA62D229136,CN=USERS,DC=HTB,DC=LOCAL", "unconstraineddelegation": false, "trustedtoauth": false, "passwordnotreqd": false, "enabled": false, "lastlogon": 0, "lastlogontimestamp": -1, "pwdlastset": 0, "dontreqpreauth": false, "pwdneverexpires": false, "sensitive": false, "serviceprincipalnames": [], "hasspn": false, "displayname": "Microsoft Exchange Migration", "email": "Migration.8f3e7716-2011-43e4-96b1-aba62d229136@htb.local", "title": null, "homedirectory": null, "description": null, "userpassword": null, "admincount": false, "sidhistory": [], "whencreated": 1568891487, "unixpassword": null, "unicodepassword": null, "logonscript": null, "samaccountname": "SM_1b41c9286325456bb", "sfupassword": null}, "Aces": [{"RightName": "Owns", "IsInherited": false, "PrincipalSID": "S-1-5-21-3072663084-364016917-1341370565-512", "PrincipalType": "Group"}, {"RightName": "GenericAll", "IsInherited": false, "PrincipalSID": "S-1-5-21-3072663084-364016917-1341370565-512", "PrincipalType": "Group"}, {"RightName": "GenericAll", "IsInherited": false, "PrincipalSID": "S-1-5-21-3072663084-364016917-1341370565-1104", "PrincipalType": "Group"}, {"RightName": "GenericAll", "IsInherited": false, "PrincipalSID": "HTB.LOCAL-S-1-5-32-548", "PrincipalType": "Group"}, {"RightName": "ForceChangePassword", "IsInherited": true, "PrincipalSID": "S-1-5-21-3072663084-364016917-1341370565-1121", "PrincipalType": "Group"}, {"RightName": "AddKeyCredentialLink", "IsInherited": true, "PrincipalSID": "S-1-5-21-3072663084-364016917-1341370565-526", "PrincipalType": "Group"}, {"RightName": "AddKeyCredentialLink", "IsInherited": true, "PrincipalSID": "S-1-5-21-3072663084-364016917-1341370565-527", "PrincipalType": "Group"}, {"RightName": "WriteDacl", "IsInherited": true, "PrincipalSID": "S-1-5-21-3072663084-364016917-1341370565-1121", "PrincipalType": "Group"}, {"RightName": "GenericAll", "IsInherited": true, "PrincipalSID": "S-1-5-21-3072663084-364016917-1341370565-519", "PrincipalType": "Group"}, {"RightName": "GenericWrite", "IsInherited": true, "PrincipalSID": "HTB.LOCAL-S-1-5-32-544", "PrincipalType": "Group"}, {"RightName": "WriteOwner", "IsInherited": true, "PrincipalSID": "HTB.LOCAL-S-1-5-32-544", "PrincipalType": "Group"}, {"RightName": "AllExtendedRights", "IsInherited": true, "PrincipalSID": "HTB.LOCAL-S-1-5-32-544", "PrincipalType": "Group"}, {"RightName": "WriteDacl", "IsInherited": true, "PrincipalSID": "HTB.LOCAL-S-1-5-32-544", "PrincipalType": "Group"}, {"RightName": "GenericWrite", "IsInherited": true, "PrincipalSID": "HTB.LOCAL-S-1-5-7", "PrincipalType": "Group"}], "SPNTargets": [], "HasSIDHistory": [], "IsDeleted": false, "IsACLProtected": false},{"AllowedToDelegate": [], "ObjectIdentifier": "S-1-5-21-3072663084-364016917-1341370565-1127", "PrimaryGroupSID": "S-1-5-21-3072663084-364016917-1341370565-513", "Properties": {"name": "SM_681F53D4942840E18@HTB.LOCAL", "domain": "HTB.LOCAL", "domainsid": "S-1-5-21-3072663084-364016917-1341370565", "distinguishedname": "CN=DISCOVERYSEARCHMAILBOX {D919BA05-46A6-415F-80AD-7E09334BB852},CN=USERS,DC=HTB,DC=LOCAL", "unconstraineddelegation": false, "trustedtoauth": false, "passwordnotreqd": false, "enabled": false, "lastlogon": 0, "lastlogontimestamp": -1, "pwdlastset": 0, "dontreqpreauth": false, "pwdneverexpires": false, "sensitive": false, "serviceprincipalnames": [], "hasspn": false, "displayname": "Discovery Search Mailbox", "email": "DiscoverySearchMailbox{D919BA05-46A6-415f-80AD-7E09334BB852}@htb.local", "title": null, "homedirectory": null, "description": null, "userpassword": null, "admincount": false, "sidhistory": [], "whencreated": 1568891487, "unixpassword": null, "unicodepassword": null, "logonscript": null, "samaccountname": "SM_681f53d4942840e18", "sfupassword": null}, "Aces": [{"RightName": "Owns", "IsInherited": false, "PrincipalSID": "S-1-5-21-3072663084-364016917-1341370565-512", "PrincipalType": "Group"}, {"RightName": "GenericAll", "IsInherited": false, "PrincipalSID": "S-1-5-21-3072663084-364016917-1341370565-512", "PrincipalType": "Group"}, {"RightName": "GenericAll", "IsInherited": false, "PrincipalSID": "S-1-5-21-3072663084-364016917-1341370565-1104", "PrincipalType": "Group"}, {"RightName": "GenericAll", "IsInherited": false, "PrincipalSID": "HTB.LOCAL-S-1-5-32-548", "PrincipalType": "Group"}, {"RightName": "ForceChangePassword", "IsInherited": true, "PrincipalSID": "S-1-5-21-3072663084-364016917-1341370565-1121", "PrincipalType": "Group"}, {"RightName": "AddKeyCredentialLink", "IsInherited": true, "PrincipalSID": "S-1-5-21-3072663084-364016917-1341370565-526", "PrincipalType": "Group"}, {"RightName": "AddKeyCredentialLink", "IsInherited": true, "PrincipalSID": "S-1-5-21-3072663084-364016917-1341370565-527", "PrincipalType": "Group"}, {"RightName": "WriteDacl", "IsInherited": true, "PrincipalSID": "S-1-5-21-3072663084-364016917-1341370565-1121", "PrincipalType": "Group"}, {"RightName": "GenericAll", "IsInherited": true, "PrincipalSID": "S-1-5-21-3072663084-364016917-1341370565-519", "PrincipalType": "Group"}, {"RightName": "GenericWrite", "IsInherited": true, "PrincipalSID": "HTB.LOCAL-S-1-5-32-544", "PrincipalType": "Group"}, {"RightName": "WriteOwner", "IsInherited": true, "PrincipalSID": "HTB.LOCAL-S-1-5-32-544", "PrincipalType": "Group"}, {"RightName": "AllExtendedRights", "IsInherited": true, "PrincipalSID": "HTB.LOCAL-S-1-5-32-544", "PrincipalType": "Group"}, {"RightName": "WriteDacl", "IsInherited": true, "PrincipalSID": "HTB.LOCAL-S-1-5-32-544", "PrincipalType": "Group"}, {"RightName": "GenericWrite", "IsInherited": true, "PrincipalSID": "HTB.LOCAL-S-1-5-7", "PrincipalType": "Group"}], "SPNTargets": [], "HasSIDHistory": [], "IsDeleted": false, "IsACLProtected": false},{"AllowedToDelegate": [], "ObjectIdentifier": "S-1-5-21-3072663084-364016917-1341370565-1126", "PrimaryGroupSID": "S-1-5-21-3072663084-364016917-1341370565-513", "Properties": {"name": "SM_75A538D3025E4DB9A@HTB.LOCAL", "domain": "HTB.LOCAL", "domainsid": "S-1-5-21-3072663084-364016917-1341370565", "distinguishedname": "CN=SYSTEMMAILBOX{E0DC1C29-89C3-4034-B678-E6C29D823ED9},CN=USERS,DC=HTB,DC=LOCAL", "unconstraineddelegation": false, "trustedtoauth": false, "passwordnotreqd": false, "enabled": false, "lastlogon": 0, "lastlogontimestamp": -1, "pwdlastset": 0, "dontreqpreauth": false, "pwdneverexpires": false, "sensitive": false, "serviceprincipalnames": [], "hasspn": false, "displayname": "Microsoft Exchange", "email": "SystemMailbox{e0dc1c29-89c3-4034-b678-e6c29d823ed9}@htb.local", "title": null, "homedirectory": null, "description": null, "userpassword": null, "admincount": false, "sidhistory": [], "whencreated": 1568891487, "unixpassword": null, "unicodepassword": null, "logonscript": null, "samaccountname": "SM_75a538d3025e4db9a", "sfupassword": null}, "Aces": [{"RightName": "Owns", "IsInherited": false, "PrincipalSID": "S-1-5-21-3072663084-364016917-1341370565-512", "PrincipalType": "Group"}, {"RightName": "GenericAll", "IsInherited": false, "PrincipalSID": "S-1-5-21-3072663084-364016917-1341370565-512", "PrincipalType": "Group"}, {"RightName": "GenericAll", "IsInherited": false, "PrincipalSID": "S-1-5-21-3072663084-364016917-1341370565-1104", "PrincipalType": "Group"}, {"RightName": "GenericAll", "IsInherited": false, "PrincipalSID": "HTB.LOCAL-S-1-5-32-548", "PrincipalType": "Group"}, {"RightName": "ForceChangePassword", "IsInherited": true, "PrincipalSID": "S-1-5-21-3072663084-364016917-1341370565-1121", "PrincipalType": "Group"}, {"RightName": "AddKeyCredentialLink", "IsInherited": true, "PrincipalSID": "S-1-5-21-3072663084-364016917-1341370565-526", "PrincipalType": "Group"}, {"RightName": "AddKeyCredentialLink", "IsInherited": true, "PrincipalSID": "S-1-5-21-3072663084-364016917-1341370565-527", "PrincipalType": "Group"}, {"RightName": "WriteDacl", "IsInherited": true, "PrincipalSID": "S-1-5-21-3072663084-364016917-1341370565-1121", "PrincipalType": "Group"}, {"RightName": "GenericAll", "IsInherited": true, "PrincipalSID": "S-1-5-21-3072663084-364016917-1341370565-519", "PrincipalType": "Group"}, {"RightName": "GenericWrite", "IsInherited": true, "PrincipalSID": "HTB.LOCAL-S-1-5-32-544", "PrincipalType": "Group"}, {"RightName": "WriteOwner", "IsInherited": true, "PrincipalSID": "HTB.LOCAL-S-1-5-32-544", "PrincipalType": "Group"}, {"RightName": "AllExtendedRights", "IsInherited": true, "PrincipalSID": "HTB.LOCAL-S-1-5-32-544", "PrincipalType": "Group"}, {"RightName": "WriteDacl", "IsInherited": true, "PrincipalSID": "HTB.LOCAL-S-1-5-32-544", "PrincipalType": "Group"}, {"RightName": "GenericWrite", "IsInherited": true, "PrincipalSID": "HTB.LOCAL-S-1-5-7", "PrincipalType": "Group"}], "SPNTargets": [], "HasSIDHistory": [], "IsDeleted": false, "IsACLProtected": false},{"AllowedToDelegate": [], "ObjectIdentifier": "S-1-5-21-3072663084-364016917-1341370565-1124", "PrimaryGroupSID": "S-1-5-21-3072663084-364016917-1341370565-513", "Properties": {"name": "SM_2C8EEF0A09B545ACB@HTB.LOCAL", "domain": "HTB.LOCAL", "domainsid": "S-1-5-21-3072663084-364016917-1341370565", "distinguishedname": "CN=SYSTEMMAILBOX{1F05A927-89C0-4725-ADCA-4527114196A1},CN=USERS,DC=HTB,DC=LOCAL", "unconstraineddelegation": false, "trustedtoauth": false, "passwordnotreqd": false, "enabled": false, "lastlogon": 0, "lastlogontimestamp": -1, "pwdlastset": 0, "dontreqpreauth": false, "pwdneverexpires": false, "sensitive": false, "serviceprincipalnames": [], "hasspn": false, "displayname": "Microsoft Exchange Approval Assistant", "email": "SystemMailbox{1f05a927-89c0-4725-adca-4527114196a1}@htb.local", "title": null, "homedirectory": null, "description": null, "userpassword": null, "admincount": false, "sidhistory": [], "whencreated": 1568891487, "unixpassword": null, "unicodepassword": null, "logonscript": null, "samaccountname": "SM_2c8eef0a09b545acb", "sfupassword": null}, "Aces": [{"RightName": "Owns", "IsInherited": false, "PrincipalSID": "S-1-5-21-3072663084-364016917-1341370565-512", "PrincipalType": "Group"}, {"RightName": "GenericAll", "IsInherited": false, "PrincipalSID": "S-1-5-21-3072663084-364016917-1341370565-512", "PrincipalType": "Group"}, {"RightName": "GenericAll", "IsInherited": false, "PrincipalSID": "S-1-5-21-3072663084-364016917-1341370565-1104", "PrincipalType": "Group"}, {"RightName": "GenericAll", "IsInherited": false, "PrincipalSID": "HTB.LOCAL-S-1-5-32-548", "PrincipalType": "Group"}, {"RightName": "ForceChangePassword", "IsInherited": true, "PrincipalSID": "S-1-5-21-3072663084-364016917-1341370565-1121", "PrincipalType": "Group"}, {"RightName": "AddKeyCredentialLink", "IsInherited": true, "PrincipalSID": "S-1-5-21-3072663084-364016917-1341370565-526", "PrincipalType": "Group"}, {"RightName": "AddKeyCredentialLink", "IsInherited": true, "PrincipalSID": "S-1-5-21-3072663084-364016917-1341370565-527", "PrincipalType": "Group"}, {"RightName": "WriteDacl", "IsInherited": true, "PrincipalSID": "S-1-5-21-3072663084-364016917-1341370565-1121", "PrincipalType": "Group"}, {"RightName": "GenericAll", "IsInherited": true, "PrincipalSID": "S-1-5-21-3072663084-364016917-1341370565-519", "PrincipalType": "Group"}, {"RightName": "GenericWrite", "IsInherited": true, "PrincipalSID": "HTB.LOCAL-S-1-5-32-544", "PrincipalType": "Group"}, {"RightName": "WriteOwner", "IsInherited": true, "PrincipalSID": "HTB.LOCAL-S-1-5-32-544", "PrincipalType": "Group"}, {"RightName": "AllExtendedRights", "IsInherited": true, "PrincipalSID": "HTB.LOCAL-S-1-5-32-544", "PrincipalType": "Group"}, {"RightName": "WriteDacl", "IsInherited": true, "PrincipalSID": "HTB.LOCAL-S-1-5-32-544", "PrincipalType": "Group"}, {"RightName": "GenericWrite", "IsInherited": true, "PrincipalSID": "HTB.LOCAL-S-1-5-7", "PrincipalType": "Group"}], "SPNTargets": [], "HasSIDHistory": [], "IsDeleted": false, "IsACLProtected": false},{"AllowedToDelegate": [], "ObjectIdentifier": "S-1-5-21-3072663084-364016917-1341370565-1125", "PrimaryGroupSID": "S-1-5-21-3072663084-364016917-1341370565-513", "Properties": {"name": "SM_CA8C2ED5BDAB4DC9B@HTB.LOCAL", "domain": "HTB.LOCAL", "domainsid": "S-1-5-21-3072663084-364016917-1341370565", "distinguishedname": "CN=SYSTEMMAILBOX{BB558C35-97F1-4CB9-8FF7-D53741DC928C},CN=USERS,DC=HTB,DC=LOCAL", "unconstraineddelegation": false, "trustedtoauth": false, "passwordnotreqd": false, "enabled": false, "lastlogon": 0, "lastlogontimestamp": -1, "pwdlastset": 0, "dontreqpreauth": false, "pwdneverexpires": false, "sensitive": false, "serviceprincipalnames": [], "hasspn": false, "displayname": "Microsoft Exchange", "email": "SystemMailbox{bb558c35-97f1-4cb9-8ff7-d53741dc928c}@htb.local", "title": null, "homedirectory": null, "description": null, "userpassword": null, "admincount": false, "sidhistory": [], "whencreated": 1568891487, "unixpassword": null, "unicodepassword": null, "logonscript": null, "samaccountname": "SM_ca8c2ed5bdab4dc9b", "sfupassword": null}, "Aces": [{"RightName": "Owns", "IsInherited": false, "PrincipalSID": "S-1-5-21-3072663084-364016917-1341370565-512", "PrincipalType": "Group"}, {"RightName": "GenericAll", "IsInherited": false, "PrincipalSID": "S-1-5-21-3072663084-364016917-1341370565-512", "PrincipalType": "Group"}, {"RightName": "GenericAll", "IsInherited": false, "PrincipalSID": "S-1-5-21-3072663084-364016917-1341370565-1104", "PrincipalType": "Group"}, {"RightName": "GenericAll", "IsInherited": false, "PrincipalSID": "HTB.LOCAL-S-1-5-32-548", "PrincipalType": "Group"}, {"RightName": "ForceChangePassword", "IsInherited": true, "PrincipalSID": "S-1-5-21-3072663084-364016917-1341370565-1121", "PrincipalType": "Group"}, {"RightName": "AddKeyCredentialLink", "IsInherited": true, "PrincipalSID": "S-1-5-21-3072663084-364016917-1341370565-526", "PrincipalType": "Group"}, {"RightName": "AddKeyCredentialLink", "IsInherited": true, "PrincipalSID": "S-1-5-21-3072663084-364016917-1341370565-527", "PrincipalType": "Group"}, {"RightName": "WriteDacl", "IsInherited": true, "PrincipalSID": "S-1-5-21-3072663084-364016917-1341370565-1121", "PrincipalType": "Group"}, {"RightName": "GenericAll", "IsInherited": true, "PrincipalSID": "S-1-5-21-3072663084-364016917-1341370565-519", "PrincipalType": "Group"}, {"RightName": "GenericWrite", "IsInherited": true, "PrincipalSID": "HTB.LOCAL-S-1-5-32-544", "PrincipalType": "Group"}, {"RightName": "WriteOwner", "IsInherited": true, "PrincipalSID": "HTB.LOCAL-S-1-5-32-544", "PrincipalType": "Group"}, {"RightName": "AllExtendedRights", "IsInherited": true, "PrincipalSID": "HTB.LOCAL-S-1-5-32-544", "PrincipalType": "Group"}, {"RightName": "WriteDacl", "IsInherited": true, "PrincipalSID": "HTB.LOCAL-S-1-5-32-544", "PrincipalType": "Group"}, {"RightName": "GenericWrite", "IsInherited": true, "PrincipalSID": "HTB.LOCAL-S-1-5-7", "PrincipalType": "Group"}], "SPNTargets": [], "HasSIDHistory": [], "IsDeleted": false, "IsACLProtected": false},{"AllowedToDelegate": [], "ObjectIdentifier": "S-1-5-21-3072663084-364016917-1341370565-502", "PrimaryGroupSID": "S-1-5-21-3072663084-364016917-1341370565-513", "Properties": {"name": "KRBTGT@HTB.LOCAL", "domain": "HTB.LOCAL", "domainsid": "S-1-5-21-3072663084-364016917-1341370565", "distinguishedname": "CN=KRBTGT,CN=USERS,DC=HTB,DC=LOCAL", "unconstraineddelegation": false, "trustedtoauth": false, "passwordnotreqd": false, "enabled": false, "lastlogon": 0, "lastlogontimestamp": -1, "pwdlastset": 1568804003, "dontreqpreauth": false, "pwdneverexpires": false, "sensitive": false, "serviceprincipalnames": ["kadmin/changepw"], "hasspn": true, "displayname": null, "email": null, "title": null, "homedirectory": null, "description": "Key Distribution Center Service Account", "userpassword": null, "admincount": true, "sidhistory": [], "whencreated": 1568804003, "unixpassword": null, "unicodepassword": null, "logonscript": null, "samaccountname": "krbtgt", "sfupassword": null}, "Aces": [{"RightName": "Owns", "IsInherited": false, "PrincipalSID": "S-1-5-21-3072663084-364016917-1341370565-512", "PrincipalType": "Group"}, {"RightName": "GenericWrite", "IsInherited": false, "PrincipalSID": "S-1-5-21-3072663084-364016917-1341370565-512", "PrincipalType": "Group"}, {"RightName": "WriteOwner", "IsInherited": false, "PrincipalSID": "S-1-5-21-3072663084-364016917-1341370565-512", "PrincipalType": "Group"}, {"RightName": "AllExtendedRights", "IsInherited": false, "PrincipalSID": "S-1-5-21-3072663084-364016917-1341370565-512", "PrincipalType": "Group"}, {"RightName": "WriteDacl", "IsInherited": false, "PrincipalSID": "S-1-5-21-3072663084-364016917-1341370565-512", "PrincipalType": "Group"}, {"RightName": "GenericWrite", "IsInherited": false, "PrincipalSID": "S-1-5-21-3072663084-364016917-1341370565-519", "PrincipalType": "Group"}, {"RightName": "WriteOwner", "IsInherited": false, "PrincipalSID": "S-1-5-21-3072663084-364016917-1341370565-519", "PrincipalType": "Group"}, {"RightName": "AllExtendedRights", "IsInherited": false, "PrincipalSID": "S-1-5-21-3072663084-364016917-1341370565-519", "PrincipalType": "Group"}, {"RightName": "WriteDacl", "IsInherited": false, "PrincipalSID": "S-1-5-21-3072663084-364016917-1341370565-519", "PrincipalType": "Group"}, {"RightName": "GenericWrite", "IsInherited": false, "PrincipalSID": "HTB.LOCAL-S-1-5-32-544", "PrincipalType": "Group"}, {"RightName": "WriteOwner", "IsInherited": false, "PrincipalSID": "HTB.LOCAL-S-1-5-32-544", "PrincipalType": "Group"}, {"RightName": "AllExtendedRights", "IsInherited": false, "PrincipalSID": "HTB.LOCAL-S-1-5-32-544", "PrincipalType": "Group"}, {"RightName": "WriteDacl", "IsInherited": false, "PrincipalSID": "HTB.LOCAL-S-1-5-32-544", "PrincipalType": "Group"}], "SPNTargets": [], "HasSIDHistory": [], "IsDeleted": false, "IsACLProtected": true},{"AllowedToDelegate": [], "ObjectIdentifier": "S-1-5-21-3072663084-364016917-1341370565-503", "PrimaryGroupSID": "S-1-5-21-3072663084-364016917-1341370565-513", "Properties": {"name": "DEFAULTACCOUNT@HTB.LOCAL", "domain": "HTB.LOCAL", "domainsid": "S-1-5-21-3072663084-364016917-1341370565", "distinguishedname": "CN=DEFAULTACCOUNT,CN=USERS,DC=HTB,DC=LOCAL", "unconstraineddelegation": false, "trustedtoauth": false, "passwordnotreqd": true, "enabled": false, "lastlogon": 0, "lastlogontimestamp": -1, "pwdlastset": 0, "dontreqpreauth": false, "pwdneverexpires": true, "sensitive": false, "serviceprincipalnames": [], "hasspn": false, "displayname": null, "email": null, "title": null, "homedirectory": null, "description": "A user account managed by the system.", "userpassword": null, "admincount": false, "sidhistory": [], "whencreated": 1568828757, "unixpassword": null, "unicodepassword": null, "logonscript": null, "samaccountname": "DefaultAccount", "sfupassword": null}, "Aces": [{"RightName": "Owns", "IsInherited": false, "PrincipalSID": "HTB.LOCAL-S-1-5-32-544", "PrincipalType": "Group"}, {"RightName": "GenericAll", "IsInherited": false, "PrincipalSID": "S-1-5-21-3072663084-364016917-1341370565-512", "PrincipalType": "Group"}, {"RightName": "GenericAll", "IsInherited": false, "PrincipalSID": "HTB.LOCAL-S-1-5-32-548", "PrincipalType": "Group"}, {"RightName": "ForceChangePassword", "IsInherited": true, "PrincipalSID": "S-1-5-21-3072663084-364016917-1341370565-1121", "PrincipalType": "Group"}, {"RightName": "AddKeyCredentialLink", "IsInherited": true, "PrincipalSID": "S-1-5-21-3072663084-364016917-1341370565-526", "PrincipalType": "Group"}, {"RightName": "AddKeyCredentialLink", "IsInherited": true, "PrincipalSID": "S-1-5-21-3072663084-364016917-1341370565-527", "PrincipalType": "Group"}, {"RightName": "WriteDacl", "IsInherited": true, "PrincipalSID": "S-1-5-21-3072663084-364016917-1341370565-1121", "PrincipalType": "Group"}, {"RightName": "GenericAll", "IsInherited": true, "PrincipalSID": "S-1-5-21-3072663084-364016917-1341370565-519", "PrincipalType": "Group"}, {"RightName": "GenericWrite", "IsInherited": true, "PrincipalSID": "HTB.LOCAL-S-1-5-32-544", "PrincipalType": "Group"}, {"RightName": "WriteOwner", "IsInherited": true, "PrincipalSID": "HTB.LOCAL-S-1-5-32-544", "PrincipalType": "Group"}, {"RightName": "AllExtendedRights", "IsInherited": true, "PrincipalSID": "HTB.LOCAL-S-1-5-32-544", "PrincipalType": "Group"}, {"RightName": "WriteDacl", "IsInherited": true, "PrincipalSID": "HTB.LOCAL-S-1-5-32-544", "PrincipalType": "Group"}, {"RightName": "GenericWrite", "IsInherited": true, "PrincipalSID": "HTB.LOCAL-S-1-5-7", "PrincipalType": "Group"}], "SPNTargets": [], "HasSIDHistory": [], "IsDeleted": false, "IsACLProtected": false},{"AllowedToDelegate": [], "ObjectIdentifier": "S-1-5-21-3072663084-364016917-1341370565-1123", "PrimaryGroupSID": "S-1-5-21-3072663084-364016917-1341370565-513", "Properties": {"name": "$331000-VK4ADACQNUCA@HTB.LOCAL", "domain": "HTB.LOCAL", "domainsid": "S-1-5-21-3072663084-364016917-1341370565", "distinguishedname": "CN=EXCHANGE ONLINE-APPLICATIONACCOUNT,CN=USERS,DC=HTB,DC=LOCAL", "unconstraineddelegation": false, "trustedtoauth": false, "passwordnotreqd": true, "enabled": false, "lastlogon": 0, "lastlogontimestamp": -1, "pwdlastset": 0, "dontreqpreauth": false, "pwdneverexpires": false, "sensitive": false, "serviceprincipalnames": [], "hasspn": false, "displayname": null, "email": null, "title": null, "homedirectory": null, "description": null, "userpassword": null, "admincount": false, "sidhistory": [], "whencreated": 1568891486, "unixpassword": null, "unicodepassword": null, "logonscript": null, "samaccountname": "$331000-VK4ADACQNUCA", "sfupassword": null}, "Aces": [{"RightName": "Owns", "IsInherited": false, "PrincipalSID": "S-1-5-21-3072663084-364016917-1341370565-512", "PrincipalType": "Group"}, {"RightName": "GenericAll", "IsInherited": false, "PrincipalSID": "S-1-5-21-3072663084-364016917-1341370565-512", "PrincipalType": "Group"}, {"RightName": "GenericAll", "IsInherited": false, "PrincipalSID": "HTB.LOCAL-S-1-5-32-548", "PrincipalType": "Group"}, {"RightName": "ForceChangePassword", "IsInherited": true, "PrincipalSID": "S-1-5-21-3072663084-364016917-1341370565-1121", "PrincipalType": "Group"}, {"RightName": "AddKeyCredentialLink", "IsInherited": true, "PrincipalSID": "S-1-5-21-3072663084-364016917-1341370565-526", "PrincipalType": "Group"}, {"RightName": "AddKeyCredentialLink", "IsInherited": true, "PrincipalSID": "S-1-5-21-3072663084-364016917-1341370565-527", "PrincipalType": "Group"}, {"RightName": "WriteDacl", "IsInherited": true, "PrincipalSID": "S-1-5-21-3072663084-364016917-1341370565-1121", "PrincipalType": "Group"}, {"RightName": "GenericAll", "IsInherited": true, "PrincipalSID": "S-1-5-21-3072663084-364016917-1341370565-519", "PrincipalType": "Group"}, {"RightName": "GenericWrite", "IsInherited": true, "PrincipalSID": "HTB.LOCAL-S-1-5-32-544", "PrincipalType": "Group"}, {"RightName": "WriteOwner", "IsInherited": true, "PrincipalSID": "HTB.LOCAL-S-1-5-32-544", "PrincipalType": "Group"}, {"RightName": "AllExtendedRights", "IsInherited": true, "PrincipalSID": "HTB.LOCAL-S-1-5-32-544", "PrincipalType": "Group"}, {"RightName": "WriteDacl", "IsInherited": true, "PrincipalSID": "HTB.LOCAL-S-1-5-32-544", "PrincipalType": "Group"}, {"RightName": "GenericWrite", "IsInherited": true, "PrincipalSID": "HTB.LOCAL-S-1-5-7", "PrincipalType": "Group"}], "SPNTargets": [], "HasSIDHistory": [], "IsDeleted": false, "IsACLProtected": false},{"AllowedToDelegate": [], "ObjectIdentifier": "S-1-5-21-3072663084-364016917-1341370565-501", "PrimaryGroupSID": "S-1-5-21-3072663084-364016917-1341370565-514", "Properties": {"name": "GUEST@HTB.LOCAL", "domain": "HTB.LOCAL", "domainsid": "S-1-5-21-3072663084-364016917-1341370565", "distinguishedname": "CN=GUEST,CN=USERS,DC=HTB,DC=LOCAL", "unconstraineddelegation": false, "trustedtoauth": false, "passwordnotreqd": true, "enabled": false, "lastlogon": 0, "lastlogontimestamp": -1, "pwdlastset": 0, "dontreqpreauth": false, "pwdneverexpires": true, "sensitive": false, "serviceprincipalnames": [], "hasspn": false, "displayname": null, "email": null, "title": null, "homedirectory": null, "description": "Built-in account for guest access to the computer/domain", "userpassword": null, "admincount": false, "sidhistory": [], "whencreated": 1568828757, "unixpassword": null, "unicodepassword": null, "logonscript": null, "samaccountname": "Guest", "sfupassword": null}, "Aces": [{"RightName": "Owns", "IsInherited": false, "PrincipalSID": "HTB.LOCAL-S-1-5-32-544", "PrincipalType": "Group"}, {"RightName": "GenericAll", "IsInherited": false, "PrincipalSID": "S-1-5-21-3072663084-364016917-1341370565-512", "PrincipalType": "Group"}, {"RightName": "GenericAll", "IsInherited": false, "PrincipalSID": "HTB.LOCAL-S-1-5-32-548", "PrincipalType": "Group"}, {"RightName": "ForceChangePassword", "IsInherited": true, "PrincipalSID": "S-1-5-21-3072663084-364016917-1341370565-1121", "PrincipalType": "Group"}, {"RightName": "AddKeyCredentialLink", "IsInherited": true, "PrincipalSID": "S-1-5-21-3072663084-364016917-1341370565-526", "PrincipalType": "Group"}, {"RightName": "AddKeyCredentialLink", "IsInherited": true, "PrincipalSID": "S-1-5-21-3072663084-364016917-1341370565-527", "PrincipalType": "Group"}, {"RightName": "WriteDacl", "IsInherited": true, "PrincipalSID": "S-1-5-21-3072663084-364016917-1341370565-1121", "PrincipalType": "Group"}, {"RightName": "GenericAll", "IsInherited": true, "PrincipalSID": "S-1-5-21-3072663084-364016917-1341370565-519", "PrincipalType": "Group"}, {"RightName": "GenericWrite", "IsInherited": true, "PrincipalSID": "HTB.LOCAL-S-1-5-32-544", "PrincipalType": "Group"}, {"RightName": "WriteOwner", "IsInherited": true, "PrincipalSID": "HTB.LOCAL-S-1-5-32-544", "PrincipalType": "Group"}, {"RightName": "AllExtendedRights", "IsInherited": true, "PrincipalSID": "HTB.LOCAL-S-1-5-32-544", "PrincipalType": "Group"}, {"RightName": "WriteDacl", "IsInherited": true, "PrincipalSID": "HTB.LOCAL-S-1-5-32-544", "PrincipalType": "Group"}, {"RightName": "GenericWrite", "IsInherited": true, "PrincipalSID": "HTB.LOCAL-S-1-5-7", "PrincipalType": "Group"}], "SPNTargets": [], "HasSIDHistory": [], "IsDeleted": false, "IsACLProtected": false},{"AllowedToDelegate": [], "ObjectIdentifier": "S-1-5-21-3072663084-364016917-1341370565-500", "PrimaryGroupSID": "S-1-5-21-3072663084-364016917-1341370565-513", "Properties": {"name": "ADMINISTRATOR@HTB.LOCAL", "domain": "HTB.LOCAL", "domainsid": "S-1-5-21-3072663084-364016917-1341370565", "distinguishedname": "CN=ADMINISTRATOR,CN=USERS,DC=HTB,DC=LOCAL", "unconstraineddelegation": false, "trustedtoauth": false, "passwordnotreqd": false, "enabled": true, "lastlogon": 1694352196, "lastlogontimestamp": 1694352182, "pwdlastset": 1630371118, "dontreqpreauth": false, "pwdneverexpires": false, "sensitive": false, "serviceprincipalnames": [], "hasspn": false, "displayname": "Administrator", "email": "Administrator@htb.local", "title": null, "homedirectory": null, "description": "Built-in account for administering the computer/domain", "userpassword": null, "admincount": true, "sidhistory": [], "whencreated": 1568828757, "unixpassword": null, "unicodepassword": null, "logonscript": null, "samaccountname": "Administrator", "sfupassword": null}, "Aces": [{"RightName": "Owns", "IsInherited": false, "PrincipalSID": "S-1-5-21-3072663084-364016917-1341370565-512", "PrincipalType": "Group"}, {"RightName": "GenericWrite", "IsInherited": false, "PrincipalSID": "S-1-5-21-3072663084-364016917-1341370565-512", "PrincipalType": "Group"}, {"RightName": "WriteOwner", "IsInherited": false, "PrincipalSID": "S-1-5-21-3072663084-364016917-1341370565-512", "PrincipalType": "Group"}, {"RightName": "AllExtendedRights", "IsInherited": false, "PrincipalSID": "S-1-5-21-3072663084-364016917-1341370565-512", "PrincipalType": "Group"}, {"RightName": "WriteDacl", "IsInherited": false, "PrincipalSID": "S-1-5-21-3072663084-364016917-1341370565-512", "PrincipalType": "Group"}, {"RightName": "GenericWrite", "IsInherited": false, "PrincipalSID": "S-1-5-21-3072663084-364016917-1341370565-519", "PrincipalType": "Group"}, {"RightName": "WriteOwner", "IsInherited": false, "PrincipalSID": "S-1-5-21-3072663084-364016917-1341370565-519", "PrincipalType": "Group"}, {"RightName": "AllExtendedRights", "IsInherited": false, "PrincipalSID": "S-1-5-21-3072663084-364016917-1341370565-519", "PrincipalType": "Group"}, {"RightName": "WriteDacl", "IsInherited": false, "PrincipalSID": "S-1-5-21-3072663084-364016917-1341370565-519", "PrincipalType": "Group"}, {"RightName": "GenericWrite", "IsInherited": false, "PrincipalSID": "HTB.LOCAL-S-1-5-32-544", "PrincipalType": "Group"}, {"RightName": "WriteOwner", "IsInherited": false, "PrincipalSID": "HTB.LOCAL-S-1-5-32-544", "PrincipalType": "Group"}, {"RightName": "AllExtendedRights", "IsInherited": false, "PrincipalSID": "HTB.LOCAL-S-1-5-32-544", "PrincipalType": "Group"}, {"RightName": "WriteDacl", "IsInherited": false, "PrincipalSID": "HTB.LOCAL-S-1-5-32-544", "PrincipalType": "Group"}], "SPNTargets": [], "HasSIDHistory": [], "IsDeleted": false, "IsACLProtected": true}],"meta":{"methods":0,"type":"users","count":32, "version":5}}